transaction_id,customer_id,date,merchant,category,transaction_type,amount,payment_method,status
TXN-200001,CUST-1051,2026-03-24,Udemy,Education,DEBIT,672.25,UPI,SUCCESS
TXN-200002,CUST-1028,2026-01-15,Apollo Pharmacy,Healthcare,DEBIT,778.98,Net Banking,SUCCESS
TXN-200003,CUST-1008,2026-01-24,Rapido,Travel,DEBIT,1078.04,Debit Card,SUCCESS
TXN-200004,CUST-1074,2026-05-30,Training Institute,Education,DEBIT,491.76,Debit Card,SUCCESS
TXN-200005,CUST-1054,2026-08-08,Zomato,Food & Dining,DEBIT,4371.42,Credit Card,SUCCESS
TXN-200006,CUST-1075,2026-06-24,Starbucks,Food & Dining,DEBIT,5147.42,Credit Card,SUCCESS
TXN-200007,CUST-1008,2026-07-02,Starbucks,Food & Dining,DEBIT,1727.07,Net Banking,SUCCESS
TXN-200008,CUST-1059,2026-04-30,IRCTC,Travel,DEBIT,2468.16,Debit Card,SUCCESS
TXN-200009,CUST-1039,2026-03-04,Starbucks,Food & Dining,DEBIT,4011.42,Credit Card,SUCCESS
TXN-200010,CUST-1010,2026-03-15,Uber,Travel,DEBIT,4144.27,Debit Card,SUCCESS
TXN-200011,CUST-1054,2026-02-08,Udemy,Education,DEBIT,7699.95,UPI,SUCCESS
TXN-200012,CUST-1105,2026-05-27,BookMyShow,Entertainment,DEBIT,2786.97,Credit Card,SUCCESS
TXN-200013,CUST-1009,2026-05-29,Netflix,Entertainment,DEBIT,7562.98,Net Banking,SUCCESS
TXN-200014,CUST-1090,2026-01-17,Domino's,Food & Dining,DEBIT,5212.32,Net Banking,SUCCESS
TXN-200015,CUST-1045,2026-04-09,Apollo Pharmacy,Healthcare,DEBIT,7531.12,Credit Card,SUCCESS
TXN-200016,CUST-1028,2026-01-30,IRCTC,Travel,DEBIT,1121.79,Debit Card,SUCCESS
TXN-200017,CUST-1022,2026-08-12,MakeMyTrip,Travel,DEBIT,3272.99,Credit Card,SUCCESS
TXN-200018,CUST-1071,2026-07-29,Flipkart,Shopping,DEBIT,5680.53,Credit Card,SUCCESS
TXN-200019,CUST-1020,2026-04-08,Udemy,Education,DEBIT,1492.12,Debit Card,SUCCESS
TXN-200020,CUST-1076,2026-01-04,Myntra,Shopping,DEBIT,2175.7,UPI,SUCCESS
TXN-200021,CUST-1073,2026-05-17,Flipkart,Shopping,DEBIT,7629.47,UPI,SUCCESS
TXN-200022,CUST-1112,2026-08-11,YouTube Premium,Entertainment,DEBIT,3244.75,Net Banking,SUCCESS
TXN-200023,CUST-1025,2026-06-12,Amazon,Shopping,DEBIT,7878.87,Net Banking,SUCCESS
TXN-200024,CUST-1014,2026-03-29,Uber,Travel,DEBIT,4577.59,UPI,SUCCESS
TXN-200025,CUST-1112,2026-06-07,Zomato,Food & Dining,DEBIT,4951.15,Debit Card,SUCCESS
TXN-200026,CUST-1061,2026-03-30,Uber,Travel,DEBIT,1011.29,Net Banking,PENDING
TXN-200027,CUST-1040,2026-04-30,Amazon,Shopping,DEBIT,1238.53,Credit Card,SUCCESS
TXN-200028,CUST-1021,2026-05-03,Netflix,Entertainment,DEBIT,1721.2,Credit Card,SUCCESS
TXN-200029,CUST-1098,2026-05-20,MedPlus,Healthcare,DEBIT,7830.16,UPI,SUCCESS
TXN-200030,CUST-1117,2026-03-08,Ola,Travel,DEBIT,2910.0,Debit Card,SUCCESS
TXN-200031,CUST-1082,2026-07-19,Ola,Travel,DEBIT,4944.5,Debit Card,SUCCESS
TXN-200032,CUST-1103,2026-07-29,Myntra,Shopping,DEBIT,1679.35,Net Banking,SUCCESS
TXN-200033,CUST-1102,2026-01-08,Bookstore,Education,DEBIT,3830.7,Debit Card,SUCCESS
TXN-200034,CUST-1120,2026-03-30,Decathlon,Shopping,DEBIT,7905.5,Credit Card,SUCCESS
TXN-200035,CUST-1026,2026-01-27,Domino's,Food & Dining,DEBIT,1714.55,UPI,SUCCESS
TXN-200036,CUST-1083,2026-06-17,Amazon,Shopping,DEBIT,6693.73,UPI,SUCCESS
TXN-200037,CUST-1026,2026-07-20,Water Bill,Bills & Utilities,DEBIT,7123.19,Net Banking,SUCCESS
TXN-200038,CUST-1093,2026-03-27,Haldiram's,Food & Dining,DEBIT,3758.97,UPI,SUCCESS
TXN-200039,CUST-1004,2026-02-13,Coursera,Education,DEBIT,4767.42,Net Banking,SUCCESS
TXN-200040,CUST-1077,2026-02-07,MakeMyTrip,Travel,DEBIT,5292.42,Credit Card,SUCCESS
TXN-200041,CUST-1002,2026-05-21,Blinkit,Food & Dining,DEBIT,5232.43,Debit Card,SUCCESS
TXN-200042,CUST-1112,2026-08-12,Zomato,Food & Dining,DEBIT,321.15,Debit Card,SUCCESS
TXN-200043,CUST-1042,2026-03-03,Electricity Board,Bills & Utilities,DEBIT,4400.39,Debit Card,SUCCESS
TXN-200044,CUST-1059,2026-07-09,Decathlon,Shopping,DEBIT,4708.46,Net Banking,SUCCESS
TXN-200045,CUST-1069,2026-08-13,Ola,Travel,DEBIT,4235.7,UPI,SUCCESS
TXN-200046,CUST-1001,2026-07-18,Zomato,Food & Dining,DEBIT,1461.54,Net Banking,SUCCESS
TXN-200047,CUST-1042,2026-01-31,Metro,Travel,DEBIT,4194.95,Net Banking,SUCCESS
TXN-200048,CUST-1008,2026-01-28,1mg,Healthcare,DEBIT,1611.32,UPI,SUCCESS
TXN-200049,CUST-1004,2026-05-10,Amazon,Shopping,DEBIT,3601.66,Debit Card,SUCCESS
TXN-200050,CUST-1104,2026-04-26,MakeMyTrip,Travel,DEBIT,4111.24,Debit Card,SUCCESS
TXN-200051,CUST-1119,2026-08-13,MedPlus,Healthcare,DEBIT,7390.0,Debit Card,SUCCESS
TXN-200052,CUST-1051,2026-02-05,Ajio,Shopping,DEBIT,2596.24,Debit Card,SUCCESS
TXN-200053,CUST-1101,2026-02-24,Airtel,Bills & Utilities,DEBIT,7186.51,Debit Card,SUCCESS
TXN-200054,CUST-1019,2026-06-14,Electricity Board,Bills & Utilities,DEBIT,7074.38,Net Banking,SUCCESS
TXN-200055,CUST-1063,2026-01-25,Myntra,Shopping,DEBIT,7919.98,Debit Card,SUCCESS
TXN-200056,CUST-1052,2026-04-21,Bookstore,Education,DEBIT,3428.08,Credit Card,SUCCESS
TXN-200057,CUST-1044,2026-07-04,Croma,Shopping,DEBIT,3723.5,UPI,SUCCESS
TXN-200058,CUST-1066,2026-05-13,Uber,Travel,DEBIT,991.51,Debit Card,PENDING
TXN-200059,CUST-1035,2026-01-27,Swiggy,Food & Dining,DEBIT,7256.6,Debit Card,SUCCESS
TXN-200060,CUST-1109,2026-02-03,BookMyShow,Entertainment,DEBIT,3306.99,Net Banking,SUCCESS
TXN-200061,CUST-1103,2026-01-23,Blinkit,Food & Dining,DEBIT,1548.42,UPI,SUCCESS
TXN-200062,CUST-1103,2026-01-05,IRCTC,Travel,DEBIT,761.57,Debit Card,SUCCESS
TXN-200063,CUST-1002,2026-08-09,Domino's,Food & Dining,DEBIT,7955.02,Net Banking,SUCCESS
TXN-200064,CUST-1006,2026-03-10,Rapido,Travel,DEBIT,5705.34,UPI,SUCCESS
TXN-200065,CUST-1026,2026-03-09,Domino's,Food & Dining,DEBIT,5066.5,Debit Card,SUCCESS
TXN-200066,CUST-1035,2026-05-09,Electricity Board,Bills & Utilities,DEBIT,6449.06,Credit Card,SUCCESS
TXN-200067,CUST-1071,2026-01-05,Jio,Bills & Utilities,DEBIT,4162.46,Debit Card,SUCCESS
TXN-200068,CUST-1084,2026-01-28,Water Bill,Bills & Utilities,DEBIT,5286.42,Net Banking,PENDING
TXN-200069,CUST-1030,2026-03-20,Electricity Board,Bills & Utilities,DEBIT,1669.13,Debit Card,SUCCESS
TXN-200070,CUST-1108,2026-03-30,Coursera,Education,DEBIT,212.62,Credit Card,SUCCESS
TXN-200071,CUST-1108,2026-01-15,Haldiram's,Food & Dining,DEBIT,6977.25,Credit Card,SUCCESS
TXN-200072,CUST-1059,2026-06-27,Myntra,Shopping,DEBIT,1344.51,Net Banking,SUCCESS
TXN-200073,CUST-1071,2026-04-04,Bookstore,Education,DEBIT,2031.13,Credit Card,SUCCESS
TXN-200074,CUST-1049,2026-02-16,Swiggy,Food & Dining,DEBIT,3849.68,Debit Card,SUCCESS
TXN-200075,CUST-1034,2026-07-18,Swiggy,Food & Dining,DEBIT,1236.53,UPI,SUCCESS
TXN-200076,CUST-1030,2026-03-18,Amazon,Shopping,DEBIT,4726.11,Debit Card,SUCCESS
TXN-200077,CUST-1077,2026-07-03,YouTube Premium,Entertainment,DEBIT,6138.06,Net Banking,SUCCESS
TXN-200078,CUST-1019,2026-07-05,Uber,Travel,DEBIT,6616.37,Net Banking,SUCCESS
TXN-200079,CUST-1117,2026-07-27,Rapido,Travel,DEBIT,6047.65,UPI,SUCCESS
TXN-200080,CUST-1092,2026-05-30,Spotify,Entertainment,DEBIT,772.22,UPI,SUCCESS
TXN-200081,CUST-1049,2026-04-03,Training Institute,Education,DEBIT,4512.37,UPI,SUCCESS
TXN-200082,CUST-1034,2026-06-24,Swiggy,Food & Dining,DEBIT,3709.89,UPI,SUCCESS
TXN-200083,CUST-1012,2026-05-09,Apollo Pharmacy,Healthcare,DEBIT,5991.25,Net Banking,SUCCESS
TXN-200084,CUST-1031,2026-01-20,Spotify,Entertainment,DEBIT,1922.82,Net Banking,SUCCESS
TXN-200085,CUST-1117,2026-04-08,Blinkit,Food & Dining,DEBIT,2369.82,UPI,SUCCESS
TXN-200086,CUST-1077,2026-06-14,Zomato,Food & Dining,DEBIT,2721.01,Credit Card,SUCCESS
TXN-200087,CUST-1008,2026-02-04,Haldiram's,Food & Dining,DEBIT,2223.3,UPI,SUCCESS
TXN-200088,CUST-1091,2026-06-22,Croma,Shopping,DEBIT,2355.79,Net Banking,SUCCESS
TXN-200089,CUST-1071,2026-01-31,Coursera,Education,DEBIT,2562.23,UPI,SUCCESS
TXN-200090,CUST-1010,2026-01-05,Croma,Shopping,DEBIT,7748.06,Net Banking,PENDING
TXN-200091,CUST-1120,2026-04-10,Zomato,Food & Dining,DEBIT,689.44,UPI,SUCCESS
TXN-200092,CUST-1047,2026-05-15,Zomato,Food & Dining,DEBIT,4866.59,Credit Card,SUCCESS
TXN-200093,CUST-1064,2026-06-30,Ajio,Shopping,DEBIT,3213.24,Debit Card,SUCCESS
TXN-200094,CUST-1052,2026-05-06,Electricity Board,Bills & Utilities,DEBIT,5844.74,Net Banking,SUCCESS
TXN-200095,CUST-1043,2026-03-22,Swiggy,Food & Dining,DEBIT,2663.93,Credit Card,SUCCESS
TXN-200096,CUST-1026,2026-01-31,Udemy,Education,DEBIT,7222.38,Credit Card,SUCCESS
TXN-200097,CUST-1112,2026-01-17,Croma,Shopping,DEBIT,703.57,Net Banking,SUCCESS
TXN-200098,CUST-1014,2026-08-07,Swiggy,Food & Dining,DEBIT,6693.94,Credit Card,SUCCESS
TXN-200099,CUST-1035,2026-02-08,Haldiram's,Food & Dining,DEBIT,4136.61,Debit Card,SUCCESS
TXN-200100,CUST-1114,2026-07-20,Udemy,Education,DEBIT,6514.5,Net Banking,SUCCESS
TXN-200101,CUST-1093,2026-05-22,Uber,Travel,DEBIT,490.86,Net Banking,SUCCESS
TXN-200102,CUST-1112,2026-07-12,Domino's,Food & Dining,DEBIT,3936.04,Debit Card,SUCCESS
TXN-200103,CUST-1039,2026-04-17,Flipkart,Shopping,DEBIT,5938.36,Credit Card,SUCCESS
TXN-200104,CUST-1072,2026-03-03,Decathlon,Shopping,DEBIT,3215.51,Debit Card,SUCCESS
TXN-200105,CUST-1116,2026-01-20,Haldiram's,Food & Dining,DEBIT,4448.05,Net Banking,SUCCESS
TXN-200106,CUST-1018,2026-07-14,Croma,Shopping,DEBIT,1620.02,UPI,SUCCESS
TXN-200107,CUST-1031,2026-05-23,Domino's,Food & Dining,DEBIT,2141.02,Debit Card,SUCCESS
TXN-200108,CUST-1050,2026-07-11,PharmEasy,Healthcare,DEBIT,5992.14,Debit Card,SUCCESS
TXN-200109,CUST-1064,2026-03-28,Electricity Board,Bills & Utilities,DEBIT,4636.82,Credit Card,SUCCESS
TXN-200110,CUST-1102,2026-05-09,Ola,Travel,DEBIT,831.53,Debit Card,SUCCESS
TXN-200111,CUST-1040,2026-06-15,Amazon,Shopping,DEBIT,1105.25,Net Banking,SUCCESS
TXN-200112,CUST-1076,2026-07-25,Ajio,Shopping,DEBIT,101.41,Net Banking,SUCCESS
TXN-200113,CUST-1060,2026-07-31,MakeMyTrip,Travel,DEBIT,2062.88,UPI,SUCCESS
TXN-200114,CUST-1088,2026-02-08,Uber,Travel,DEBIT,7537.78,Net Banking,SUCCESS
TXN-200115,CUST-1101,2026-07-18,Zomato,Food & Dining,DEBIT,1937.36,UPI,SUCCESS
TXN-200116,CUST-1081,2026-03-19,Bookstore,Education,DEBIT,4273.2,Net Banking,SUCCESS
TXN-200117,CUST-1039,2026-01-29,Starbucks,Food & Dining,DEBIT,7553.97,Debit Card,SUCCESS
TXN-200118,CUST-1001,2026-02-27,Netflix,Entertainment,DEBIT,4346.06,Net Banking,SUCCESS
TXN-200119,CUST-1114,2026-03-22,Jio,Bills & Utilities,DEBIT,3854.9,Debit Card,SUCCESS
TXN-200120,CUST-1091,2026-01-08,Bookstore,Education,DEBIT,536.94,Debit Card,SUCCESS
TXN-200121,CUST-1011,2026-06-22,Electricity Board,Bills & Utilities,DEBIT,1899.94,Net Banking,SUCCESS
TXN-200122,CUST-1090,2026-02-28,IRCTC,Travel,DEBIT,5774.82,Credit Card,SUCCESS
TXN-200123,CUST-1038,2026-02-20,Blinkit,Food & Dining,DEBIT,6776.68,UPI,SUCCESS
TXN-200124,CUST-1105,2026-02-21,Myntra,Shopping,DEBIT,1923.39,Debit Card,SUCCESS
TXN-200125,CUST-1080,2026-08-16,Ajio,Shopping,DEBIT,4919.78,Debit Card,SUCCESS
TXN-200126,CUST-1077,2026-06-20,Zomato,Food & Dining,DEBIT,7383.2,UPI,SUCCESS
TXN-200127,CUST-1007,2026-06-02,Blinkit,Food & Dining,DEBIT,575.07,Net Banking,SUCCESS
TXN-200128,CUST-1094,2026-07-02,Apollo Pharmacy,Healthcare,DEBIT,7980.49,Debit Card,SUCCESS
TXN-200129,CUST-1068,2026-02-17,Water Bill,Bills & Utilities,DEBIT,351.96,Net Banking,SUCCESS
TXN-200130,CUST-1014,2026-03-26,Amazon,Shopping,DEBIT,718.11,UPI,SUCCESS
TXN-200131,CUST-1098,2026-08-15,Zomato,Food & Dining,DEBIT,3103.02,Credit Card,SUCCESS
TXN-200132,CUST-1091,2026-04-21,Haldiram's,Food & Dining,DEBIT,1646.16,Net Banking,SUCCESS
TXN-200133,CUST-1061,2026-04-04,Airtel,Bills & Utilities,DEBIT,5090.13,Debit Card,SUCCESS
TXN-200134,CUST-1049,2026-07-16,Amazon,Shopping,DEBIT,3766.0,UPI,SUCCESS
TXN-200135,CUST-1078,2026-07-11,Domino's,Food & Dining,DEBIT,2967.5,Credit Card,SUCCESS
TXN-200136,CUST-1096,2026-06-07,Blinkit,Food & Dining,DEBIT,5547.66,Credit Card,SUCCESS
TXN-200137,CUST-1118,2026-07-04,Airtel,Bills & Utilities,DEBIT,291.63,Debit Card,SUCCESS
TXN-200138,CUST-1100,2026-07-03,Training Institute,Education,DEBIT,6339.41,Net Banking,SUCCESS
TXN-200139,CUST-1024,2026-02-03,Apollo Pharmacy,Healthcare,DEBIT,6440.29,Credit Card,SUCCESS
TXN-200140,CUST-1031,2026-07-17,Domino's,Food & Dining,DEBIT,6903.81,Net Banking,SUCCESS
TXN-200141,CUST-1066,2026-07-20,Ola,Travel,DEBIT,3194.31,Debit Card,SUCCESS
TXN-200142,CUST-1062,2026-01-17,Indane Gas,Bills & Utilities,DEBIT,4402.47,Debit Card,PENDING
TXN-200143,CUST-1010,2026-08-15,Domino's,Food & Dining,DEBIT,5034.35,Debit Card,SUCCESS
TXN-200144,CUST-1058,2026-05-08,Coursera,Education,DEBIT,1950.15,Net Banking,SUCCESS
TXN-200145,CUST-1069,2026-06-22,Blinkit,Food & Dining,DEBIT,6100.58,Credit Card,SUCCESS
TXN-200146,CUST-1033,2026-05-26,Blinkit,Food & Dining,DEBIT,2156.65,Net Banking,SUCCESS
TXN-200147,CUST-1037,2026-03-04,Starbucks,Food & Dining,DEBIT,1587.18,UPI,SUCCESS
TXN-200148,CUST-1030,2026-03-04,Metro,Travel,DEBIT,6486.7,Net Banking,PENDING
TXN-200149,CUST-1114,2026-01-27,Zomato,Food & Dining,DEBIT,6740.4,Credit Card,SUCCESS
TXN-200150,CUST-1007,2026-03-17,Zomato,Food & Dining,DEBIT,4843.9,Debit Card,SUCCESS
TXN-200151,CUST-1023,2026-04-06,MakeMyTrip,Travel,DEBIT,4864.03,UPI,SUCCESS
TXN-200152,CUST-1045,2026-06-02,Jio,Bills & Utilities,DEBIT,395.89,Credit Card,SUCCESS
TXN-200153,CUST-1005,2026-02-22,Coursera,Education,DEBIT,6536.48,Credit Card,SUCCESS
TXN-200154,CUST-1040,2026-04-06,Swiggy,Food & Dining,DEBIT,1706.92,Net Banking,SUCCESS
TXN-200155,CUST-1102,2026-01-17,Ajio,Shopping,DEBIT,5345.81,Debit Card,SUCCESS
TXN-200156,CUST-1051,2026-01-24,Electricity Board,Bills & Utilities,DEBIT,3337.33,Credit Card,SUCCESS
TXN-200157,CUST-1040,2026-04-17,Bookstore,Education,DEBIT,3371.23,UPI,SUCCESS
TXN-200158,CUST-1026,2026-07-25,Ajio,Shopping,DEBIT,5851.45,Debit Card,SUCCESS
TXN-200159,CUST-1055,2026-04-22,Apollo Pharmacy,Healthcare,DEBIT,6580.91,Net Banking,SUCCESS
TXN-200160,CUST-1021,2026-04-04,Myntra,Shopping,DEBIT,217.19,Debit Card,SUCCESS
TXN-200161,CUST-1080,2026-04-12,Domino's,Food & Dining,DEBIT,5924.27,Debit Card,SUCCESS
TXN-200162,CUST-1022,2026-03-14,Swiggy,Food & Dining,DEBIT,959.46,Net Banking,SUCCESS
TXN-200163,CUST-1026,2026-07-22,Bookstore,Education,DEBIT,1100.54,UPI,PENDING
TXN-200164,CUST-1078,2026-05-04,Decathlon,Shopping,DEBIT,3164.37,Debit Card,SUCCESS
TXN-200165,CUST-1052,2026-08-08,Starbucks,Food & Dining,DEBIT,6786.18,Net Banking,SUCCESS
TXN-200166,CUST-1067,2026-02-25,Zomato,Food & Dining,DEBIT,3130.25,UPI,SUCCESS
TXN-200167,CUST-1025,2026-07-05,Netflix,Entertainment,DEBIT,7082.51,UPI,SUCCESS
TXN-200168,CUST-1077,2026-03-24,Haldiram's,Food & Dining,DEBIT,4445.41,Credit Card,SUCCESS
TXN-200169,CUST-1055,2026-03-20,MakeMyTrip,Travel,DEBIT,5304.86,Net Banking,SUCCESS
TXN-200170,CUST-1080,2026-02-15,Haldiram's,Food & Dining,DEBIT,3775.66,Net Banking,SUCCESS
TXN-200171,CUST-1108,2026-07-19,Spotify,Entertainment,DEBIT,6503.18,Net Banking,SUCCESS
TXN-200172,CUST-1047,2026-02-02,Amazon,Shopping,DEBIT,6438.03,UPI,SUCCESS
TXN-200173,CUST-1094,2026-02-03,Domino's,Food & Dining,DEBIT,6243.33,UPI,SUCCESS
TXN-200174,CUST-1084,2026-05-10,1mg,Healthcare,DEBIT,304.27,UPI,PENDING
TXN-200175,CUST-1015,2026-07-07,Jio,Bills & Utilities,DEBIT,1139.78,Net Banking,SUCCESS
TXN-200176,CUST-1022,2026-07-27,1mg,Healthcare,DEBIT,617.58,Credit Card,SUCCESS
TXN-200177,CUST-1115,2026-03-06,Starbucks,Food & Dining,DEBIT,2272.44,Net Banking,SUCCESS
TXN-200178,CUST-1062,2026-05-09,Coursera,Education,DEBIT,4775.91,Debit Card,SUCCESS
TXN-200179,CUST-1052,2026-01-10,Zomato,Food & Dining,DEBIT,5128.92,Credit Card,SUCCESS
TXN-200180,CUST-1101,2026-04-07,Domino's,Food & Dining,DEBIT,1009.12,UPI,SUCCESS
TXN-200181,CUST-1058,2026-04-03,Udemy,Education,DEBIT,2091.05,Net Banking,SUCCESS
TXN-200182,CUST-1048,2026-04-06,Starbucks,Food & Dining,DEBIT,1254.94,Credit Card,SUCCESS
TXN-200183,CUST-1079,2026-04-24,Blinkit,Food & Dining,DEBIT,7668.04,Credit Card,SUCCESS
TXN-200184,CUST-1112,2026-03-06,Croma,Shopping,DEBIT,7434.83,Credit Card,SUCCESS
TXN-200185,CUST-1020,2026-07-11,Domino's,Food & Dining,DEBIT,4966.81,Net Banking,SUCCESS
TXN-200186,CUST-1017,2026-04-04,PharmEasy,Healthcare,DEBIT,1895.35,UPI,SUCCESS
TXN-200187,CUST-1039,2026-01-01,Uber,Travel,DEBIT,4232.4,Debit Card,SUCCESS
TXN-200188,CUST-1027,2026-03-19,IRCTC,Travel,DEBIT,5029.04,Net Banking,SUCCESS
TXN-200189,CUST-1032,2026-01-04,Coursera,Education,DEBIT,3661.74,UPI,SUCCESS
TXN-200190,CUST-1035,2026-08-12,Water Bill,Bills & Utilities,DEBIT,6511.41,UPI,SUCCESS
TXN-200191,CUST-1045,2026-07-30,Rapido,Travel,DEBIT,5200.27,Net Banking,SUCCESS
TXN-200192,CUST-1032,2026-05-13,Jio,Bills & Utilities,DEBIT,7237.68,UPI,SUCCESS
TXN-200193,CUST-1031,2026-01-07,Myntra,Shopping,DEBIT,561.2,UPI,SUCCESS
TXN-200194,CUST-1026,2026-05-22,Jio,Bills & Utilities,DEBIT,3364.11,Net Banking,SUCCESS
TXN-200195,CUST-1009,2026-02-14,IRCTC,Travel,DEBIT,5045.11,Net Banking,SUCCESS
TXN-200196,CUST-1056,2026-01-02,Decathlon,Shopping,DEBIT,7306.85,UPI,SUCCESS
TXN-200197,CUST-1014,2026-04-26,Domino's,Food & Dining,DEBIT,1935.14,UPI,SUCCESS
TXN-200198,CUST-1109,2026-07-11,MedPlus,Healthcare,DEBIT,5722.31,Credit Card,SUCCESS
TXN-200199,CUST-1101,2026-06-23,Croma,Shopping,DEBIT,7777.94,Credit Card,SUCCESS
TXN-200200,CUST-1065,2026-02-25,Swiggy,Food & Dining,DEBIT,1441.18,Debit Card,SUCCESS
TXN-200201,CUST-1096,2026-02-21,Bookstore,Education,DEBIT,1616.3,Net Banking,SUCCESS
TXN-200202,CUST-1110,2026-03-03,Decathlon,Shopping,DEBIT,7381.26,Net Banking,SUCCESS
TXN-200203,CUST-1110,2026-05-16,Airtel,Bills & Utilities,DEBIT,3553.99,Debit Card,SUCCESS
TXN-200204,CUST-1051,2026-03-20,Netflix,Entertainment,DEBIT,4565.12,Debit Card,SUCCESS
TXN-200205,CUST-1080,2026-01-07,Zomato,Food & Dining,DEBIT,2824.42,Debit Card,SUCCESS
TXN-200206,CUST-1089,2026-01-08,Blinkit,Food & Dining,DEBIT,5107.64,UPI,SUCCESS
TXN-200207,CUST-1098,2026-01-17,BookMyShow,Entertainment,DEBIT,1674.57,UPI,SUCCESS
TXN-200208,CUST-1050,2026-07-13,Apollo Pharmacy,Healthcare,DEBIT,2047.96,Debit Card,SUCCESS
TXN-200209,CUST-1117,2026-01-09,Udemy,Education,DEBIT,6617.98,Credit Card,SUCCESS
TXN-200210,CUST-1097,2026-02-03,Blinkit,Food & Dining,DEBIT,1719.45,Credit Card,SUCCESS
TXN-200211,CUST-1033,2026-03-08,Domino's,Food & Dining,DEBIT,482.42,Credit Card,SUCCESS
TXN-200212,CUST-1065,2026-07-16,Training Institute,Education,DEBIT,6825.88,UPI,SUCCESS
TXN-200213,CUST-1099,2026-01-08,Amazon,Shopping,DEBIT,2839.58,UPI,SUCCESS
TXN-200214,CUST-1106,2026-02-25,Airtel,Bills & Utilities,DEBIT,4638.87,Credit Card,SUCCESS
TXN-200215,CUST-1037,2026-01-01,Uber,Travel,DEBIT,134.46,Net Banking,SUCCESS
TXN-200216,CUST-1024,2026-06-27,YouTube Premium,Entertainment,DEBIT,4781.18,Credit Card,SUCCESS
TXN-200217,CUST-1028,2026-02-10,Decathlon,Shopping,DEBIT,1929.07,Debit Card,SUCCESS
TXN-200218,CUST-1063,2026-06-12,Indane Gas,Bills & Utilities,DEBIT,6316.77,Credit Card,SUCCESS
TXN-200219,CUST-1115,2026-04-13,Apollo Pharmacy,Healthcare,DEBIT,3434.83,UPI,SUCCESS
TXN-200220,CUST-1116,2026-03-19,Starbucks,Food & Dining,DEBIT,4059.4,Net Banking,PENDING
TXN-200221,CUST-1059,2026-06-11,Zomato,Food & Dining,DEBIT,4299.2,UPI,SUCCESS
TXN-200222,CUST-1112,2026-03-25,MakeMyTrip,Travel,DEBIT,5330.59,Credit Card,SUCCESS
TXN-200223,CUST-1033,2026-04-23,Indane Gas,Bills & Utilities,DEBIT,1925.09,Credit Card,SUCCESS
TXN-200224,CUST-1065,2026-08-15,Jio,Bills & Utilities,DEBIT,2213.11,Debit Card,SUCCESS
TXN-200225,CUST-1078,2026-03-05,Indane Gas,Bills & Utilities,DEBIT,2854.19,Debit Card,SUCCESS
TXN-200226,CUST-1094,2026-02-18,Swiggy,Food & Dining,DEBIT,1400.35,UPI,SUCCESS
TXN-200227,CUST-1102,2026-02-08,Bookstore,Education,DEBIT,5893.01,Net Banking,SUCCESS
TXN-200228,CUST-1014,2026-01-28,IRCTC,Travel,DEBIT,1730.91,Net Banking,SUCCESS
TXN-200229,CUST-1102,2026-01-04,Ajio,Shopping,DEBIT,5578.17,Credit Card,SUCCESS
TXN-200230,CUST-1095,2026-02-06,Haldiram's,Food & Dining,DEBIT,143.59,Debit Card,SUCCESS
TXN-200231,CUST-1076,2026-04-21,Water Bill,Bills & Utilities,DEBIT,6783.35,Debit Card,SUCCESS
TXN-200232,CUST-1056,2026-06-14,Domino's,Food & Dining,DEBIT,2152.48,UPI,SUCCESS
TXN-200233,CUST-1092,2026-03-04,Spotify,Entertainment,DEBIT,2075.48,Net Banking,SUCCESS
TXN-200234,CUST-1053,2026-01-06,Rapido,Travel,DEBIT,5434.44,Debit Card,SUCCESS
TXN-200235,CUST-1050,2026-03-25,YouTube Premium,Entertainment,DEBIT,7274.72,UPI,SUCCESS
TXN-200236,CUST-1092,2026-05-20,Zomato,Food & Dining,DEBIT,4201.84,UPI,SUCCESS
TXN-200237,CUST-1092,2026-04-27,MakeMyTrip,Travel,DEBIT,4146.31,Credit Card,SUCCESS
TXN-200238,CUST-1059,2026-04-16,Jio,Bills & Utilities,DEBIT,7923.2,Debit Card,SUCCESS
TXN-200239,CUST-1094,2026-07-15,Bookstore,Education,DEBIT,5136.79,Credit Card,SUCCESS
TXN-200240,CUST-1010,2026-04-13,Haldiram's,Food & Dining,DEBIT,7331.94,Credit Card,SUCCESS
TXN-200241,CUST-1095,2026-01-28,Haldiram's,Food & Dining,DEBIT,7525.46,Debit Card,PENDING
TXN-200242,CUST-1022,2026-04-11,Myntra,Shopping,DEBIT,7442.41,UPI,SUCCESS
TXN-200243,CUST-1083,2026-06-12,Starbucks,Food & Dining,DEBIT,5793.57,Debit Card,SUCCESS
TXN-200244,CUST-1102,2026-06-13,YouTube Premium,Entertainment,DEBIT,3798.0,Credit Card,SUCCESS
TXN-200245,CUST-1107,2026-06-16,Haldiram's,Food & Dining,DEBIT,2902.49,Debit Card,SUCCESS
TXN-200246,CUST-1055,2026-04-07,Jio,Bills & Utilities,DEBIT,3904.39,Credit Card,SUCCESS
TXN-200247,CUST-1062,2026-06-17,Ajio,Shopping,DEBIT,3485.1,UPI,SUCCESS
TXN-200248,CUST-1039,2026-04-03,Haldiram's,Food & Dining,DEBIT,550.8,Credit Card,SUCCESS
TXN-200249,CUST-1045,2026-02-05,Metro,Travel,DEBIT,4701.4,UPI,SUCCESS
TXN-200250,CUST-1033,2026-01-19,Indane Gas,Bills & Utilities,DEBIT,901.94,Debit Card,SUCCESS
TXN-200251,CUST-1045,2026-02-17,Spotify,Entertainment,DEBIT,1747.47,Net Banking,SUCCESS
TXN-200252,CUST-1089,2026-02-12,Rapido,Travel,DEBIT,7819.68,UPI,SUCCESS
TXN-200253,CUST-1108,2026-05-21,BookMyShow,Entertainment,DEBIT,1659.23,Debit Card,SUCCESS
TXN-200254,CUST-1086,2026-07-09,Netflix,Entertainment,DEBIT,4485.0,Credit Card,SUCCESS
TXN-200255,CUST-1064,2026-07-31,Starbucks,Food & Dining,DEBIT,561.79,Net Banking,SUCCESS
TXN-200256,CUST-1064,2026-06-29,Ola,Travel,DEBIT,4362.39,UPI,SUCCESS
TXN-200257,CUST-1073,2026-03-24,Ajio,Shopping,DEBIT,5355.87,Net Banking,SUCCESS
TXN-200258,CUST-1087,2026-04-18,Udemy,Education,DEBIT,1526.1,Credit Card,SUCCESS
TXN-200259,CUST-1006,2026-01-08,Blinkit,Food & Dining,DEBIT,5918.68,Credit Card,SUCCESS
TXN-200260,CUST-1063,2026-01-25,Ola,Travel,DEBIT,367.79,Net Banking,SUCCESS
TXN-200261,CUST-1085,2026-03-28,Domino's,Food & Dining,DEBIT,2796.36,Debit Card,SUCCESS
TXN-200262,CUST-1071,2026-03-29,Amazon,Shopping,DEBIT,6631.13,Credit Card,SUCCESS
TXN-200263,CUST-1065,2026-05-07,Flipkart,Shopping,DEBIT,6996.42,Credit Card,PENDING
TXN-200264,CUST-1016,2026-06-17,IRCTC,Travel,DEBIT,1619.24,Credit Card,SUCCESS
TXN-200265,CUST-1006,2026-06-12,Haldiram's,Food & Dining,DEBIT,5809.14,Net Banking,SUCCESS
TXN-200266,CUST-1014,2026-01-13,Amazon,Shopping,DEBIT,466.53,Net Banking,SUCCESS
TXN-200267,CUST-1065,2026-06-18,Starbucks,Food & Dining,DEBIT,4932.75,Debit Card,SUCCESS
TXN-200268,CUST-1113,2026-06-28,Airtel,Bills & Utilities,DEBIT,1778.76,Net Banking,SUCCESS
TXN-200269,CUST-1024,2026-02-14,Swiggy,Food & Dining,DEBIT,3430.41,UPI,SUCCESS
TXN-200270,CUST-1112,2026-06-17,Zomato,Food & Dining,DEBIT,6313.67,Credit Card,SUCCESS
TXN-200271,CUST-1041,2026-02-17,Amazon,Shopping,DEBIT,3502.33,UPI,SUCCESS
TXN-200272,CUST-1016,2026-05-14,Haldiram's,Food & Dining,DEBIT,4645.04,Net Banking,SUCCESS
TXN-200273,CUST-1077,2026-01-04,Indane Gas,Bills & Utilities,DEBIT,7945.7,Debit Card,SUCCESS
TXN-200274,CUST-1011,2026-04-16,Metro,Travel,DEBIT,3830.32,Debit Card,SUCCESS
TXN-200275,CUST-1088,2026-04-20,Blinkit,Food & Dining,DEBIT,1061.2,UPI,SUCCESS
TXN-200276,CUST-1003,2026-02-01,Domino's,Food & Dining,DEBIT,5782.87,Debit Card,SUCCESS
TXN-200277,CUST-1007,2026-07-10,Domino's,Food & Dining,DEBIT,6214.78,Debit Card,SUCCESS
TXN-200278,CUST-1072,2026-01-22,Decathlon,Shopping,DEBIT,4034.96,Credit Card,SUCCESS
TXN-200279,CUST-1002,2026-01-14,Airtel,Bills & Utilities,DEBIT,216.36,UPI,SUCCESS
TXN-200280,CUST-1022,2026-03-21,Water Bill,Bills & Utilities,DEBIT,4910.69,Credit Card,SUCCESS
TXN-200281,CUST-1061,2026-05-28,Jio,Bills & Utilities,DEBIT,1244.76,UPI,SUCCESS
TXN-200282,CUST-1103,2026-06-15,Haldiram's,Food & Dining,DEBIT,3868.0,Net Banking,SUCCESS
TXN-200283,CUST-1043,2026-07-20,Electricity Board,Bills & Utilities,DEBIT,2311.27,Credit Card,SUCCESS
TXN-200284,CUST-1107,2026-07-05,Coursera,Education,DEBIT,4848.98,Credit Card,SUCCESS
TXN-200285,CUST-1050,2026-08-16,Blinkit,Food & Dining,DEBIT,3071.98,Debit Card,SUCCESS
TXN-200286,CUST-1042,2026-03-14,Electricity Board,Bills & Utilities,DEBIT,2217.38,Debit Card,SUCCESS
TXN-200287,CUST-1101,2026-07-28,Airtel,Bills & Utilities,DEBIT,2379.32,Debit Card,SUCCESS
TXN-200288,CUST-1019,2026-08-11,Bookstore,Education,DEBIT,7805.43,Net Banking,SUCCESS
TXN-200289,CUST-1063,2026-01-22,MakeMyTrip,Travel,DEBIT,1683.4,Debit Card,SUCCESS
TXN-200290,CUST-1060,2026-01-15,Jio,Bills & Utilities,DEBIT,7415.39,UPI,SUCCESS
TXN-200291,CUST-1069,2026-04-28,IRCTC,Travel,DEBIT,6200.11,Debit Card,SUCCESS
TXN-200292,CUST-1114,2026-05-14,MedPlus,Healthcare,DEBIT,3865.03,Debit Card,SUCCESS
TXN-200293,CUST-1104,2026-02-19,Blinkit,Food & Dining,DEBIT,2389.39,Credit Card,SUCCESS
TXN-200294,CUST-1032,2026-05-13,Netflix,Entertainment,DEBIT,7388.68,Net Banking,SUCCESS
TXN-200295,CUST-1060,2026-01-28,Amazon,Shopping,DEBIT,1333.62,UPI,SUCCESS
TXN-200296,CUST-1013,2026-05-13,Uber,Travel,DEBIT,1716.69,Net Banking,SUCCESS
TXN-200297,CUST-1100,2026-02-24,Domino's,Food & Dining,DEBIT,3465.0,Net Banking,SUCCESS
TXN-200298,CUST-1017,2026-07-29,IRCTC,Travel,DEBIT,6765.6,Credit Card,SUCCESS
TXN-200299,CUST-1004,2026-02-16,Amazon,Shopping,DEBIT,375.0,Credit Card,SUCCESS
TXN-200300,CUST-1109,2026-04-28,Amazon,Shopping,DEBIT,6917.46,Net Banking,SUCCESS
TXN-200301,CUST-1033,2026-06-30,Bookstore,Education,DEBIT,4559.36,UPI,SUCCESS
TXN-200302,CUST-1024,2026-06-21,MakeMyTrip,Travel,DEBIT,6812.59,Credit Card,SUCCESS
TXN-200303,CUST-1005,2026-07-04,Domino's,Food & Dining,DEBIT,7535.22,UPI,SUCCESS
TXN-200304,CUST-1007,2026-01-08,BookMyShow,Entertainment,DEBIT,6312.35,Net Banking,SUCCESS
TXN-200305,CUST-1001,2026-02-07,Myntra,Shopping,DEBIT,5447.42,Credit Card,SUCCESS
TXN-200306,CUST-1014,2026-04-23,Water Bill,Bills & Utilities,DEBIT,2658.96,Credit Card,SUCCESS
TXN-200307,CUST-1022,2026-04-06,Ajio,Shopping,DEBIT,1983.81,Debit Card,SUCCESS
TXN-200308,CUST-1117,2026-01-04,Myntra,Shopping,DEBIT,6410.91,Debit Card,SUCCESS
TXN-200309,CUST-1080,2026-02-26,Domino's,Food & Dining,DEBIT,7120.79,Debit Card,SUCCESS
TXN-200310,CUST-1050,2026-01-25,Apollo Pharmacy,Healthcare,DEBIT,5064.13,Net Banking,PENDING
TXN-200311,CUST-1062,2026-03-24,Netflix,Entertainment,DEBIT,5062.65,Debit Card,SUCCESS
TXN-200312,CUST-1092,2026-07-08,Haldiram's,Food & Dining,DEBIT,4471.66,Debit Card,SUCCESS
TXN-200313,CUST-1053,2026-02-08,Zomato,Food & Dining,DEBIT,1329.92,Credit Card,SUCCESS
TXN-200314,CUST-1022,2026-03-17,Flipkart,Shopping,DEBIT,3978.95,Credit Card,SUCCESS
TXN-200315,CUST-1066,2026-05-04,Swiggy,Food & Dining,DEBIT,5084.91,Debit Card,SUCCESS
TXN-200316,CUST-1033,2026-08-02,Myntra,Shopping,DEBIT,7768.53,Net Banking,PENDING
TXN-200317,CUST-1013,2026-03-03,PharmEasy,Healthcare,DEBIT,2386.49,Debit Card,SUCCESS
TXN-200318,CUST-1019,2026-07-05,Udemy,Education,DEBIT,3592.67,Credit Card,SUCCESS
TXN-200319,CUST-1107,2026-04-24,Starbucks,Food & Dining,DEBIT,2362.52,Credit Card,SUCCESS
TXN-200320,CUST-1074,2026-04-15,Zomato,Food & Dining,DEBIT,1190.79,Debit Card,SUCCESS
TXN-200321,CUST-1026,2026-02-28,Indane Gas,Bills & Utilities,DEBIT,726.21,UPI,SUCCESS
TXN-200322,CUST-1036,2026-07-07,Ola,Travel,DEBIT,1727.65,Debit Card,SUCCESS
TXN-200323,CUST-1089,2026-02-21,Blinkit,Food & Dining,DEBIT,4204.54,UPI,SUCCESS
TXN-200324,CUST-1108,2026-03-30,Decathlon,Shopping,DEBIT,6929.59,Net Banking,SUCCESS
TXN-200325,CUST-1062,2026-04-15,1mg,Healthcare,DEBIT,6988.91,Credit Card,SUCCESS
TXN-200326,CUST-1047,2026-05-25,Netflix,Entertainment,DEBIT,1391.56,Credit Card,SUCCESS
TXN-200327,CUST-1067,2026-08-08,Haldiram's,Food & Dining,DEBIT,7753.01,UPI,SUCCESS
TXN-200328,CUST-1107,2026-07-02,Domino's,Food & Dining,DEBIT,6255.08,Net Banking,SUCCESS
TXN-200329,CUST-1014,2026-01-16,Decathlon,Shopping,DEBIT,4008.95,UPI,SUCCESS
TXN-200330,CUST-1032,2026-05-18,Swiggy,Food & Dining,DEBIT,1867.22,Debit Card,SUCCESS
TXN-200331,CUST-1105,2026-03-21,Swiggy,Food & Dining,DEBIT,253.66,Debit Card,SUCCESS
TXN-200332,CUST-1074,2026-08-03,MakeMyTrip,Travel,DEBIT,4231.0,Net Banking,SUCCESS
TXN-200333,CUST-1023,2026-08-11,Swiggy,Food & Dining,DEBIT,2256.8,Net Banking,SUCCESS
TXN-200334,CUST-1015,2026-05-09,Airtel,Bills & Utilities,DEBIT,1060.19,Debit Card,SUCCESS
TXN-200335,CUST-1019,2026-02-28,PharmEasy,Healthcare,DEBIT,5997.97,Debit Card,SUCCESS
TXN-200336,CUST-1050,2026-01-05,Training Institute,Education,DEBIT,4816.62,UPI,SUCCESS
TXN-200337,CUST-1044,2026-01-14,YouTube Premium,Entertainment,DEBIT,1998.98,Credit Card,SUCCESS
TXN-200338,CUST-1103,2026-08-04,Bookstore,Education,DEBIT,6538.84,UPI,SUCCESS
TXN-200339,CUST-1120,2026-02-07,Bookstore,Education,DEBIT,2069.35,Net Banking,SUCCESS
TXN-200340,CUST-1068,2026-01-03,Myntra,Shopping,DEBIT,647.19,Net Banking,SUCCESS
TXN-200341,CUST-1018,2026-06-21,Haldiram's,Food & Dining,DEBIT,7760.6,Net Banking,SUCCESS
TXN-200342,CUST-1114,2026-07-27,Udemy,Education,DEBIT,371.55,Credit Card,SUCCESS
TXN-200343,CUST-1070,2026-06-09,Swiggy,Food & Dining,DEBIT,5007.94,Credit Card,SUCCESS
TXN-200344,CUST-1006,2026-01-04,Flipkart,Shopping,DEBIT,993.05,Credit Card,SUCCESS
TXN-200345,CUST-1118,2026-01-31,Starbucks,Food & Dining,DEBIT,7221.23,UPI,SUCCESS
TXN-200346,CUST-1057,2026-05-17,Udemy,Education,DEBIT,4141.9,Credit Card,SUCCESS
TXN-200347,CUST-1032,2026-05-28,Decathlon,Shopping,DEBIT,793.99,Credit Card,SUCCESS
TXN-200348,CUST-1029,2026-06-06,Water Bill,Bills & Utilities,DEBIT,1689.42,Credit Card,SUCCESS
TXN-200349,CUST-1062,2026-05-21,Ajio,Shopping,DEBIT,6568.68,UPI,SUCCESS
TXN-200350,CUST-1070,2026-02-26,Haldiram's,Food & Dining,DEBIT,7759.89,Net Banking,SUCCESS
TXN-200351,CUST-1031,2026-04-01,Domino's,Food & Dining,DEBIT,4497.56,Net Banking,SUCCESS
TXN-200352,CUST-1038,2026-08-13,Udemy,Education,DEBIT,6199.82,Debit Card,SUCCESS
TXN-200353,CUST-1057,2026-06-05,Apollo Pharmacy,Healthcare,DEBIT,4184.27,Net Banking,SUCCESS
TXN-200354,CUST-1029,2026-07-15,Blinkit,Food & Dining,DEBIT,5935.23,Debit Card,SUCCESS
TXN-200355,CUST-1087,2026-06-21,Myntra,Shopping,DEBIT,4968.74,Credit Card,SUCCESS
TXN-200356,CUST-1110,2026-05-13,Blinkit,Food & Dining,DEBIT,7384.1,Net Banking,SUCCESS
TXN-200357,CUST-1118,2026-06-11,Jio,Bills & Utilities,DEBIT,3362.97,UPI,SUCCESS
TXN-200358,CUST-1016,2026-07-16,MakeMyTrip,Travel,DEBIT,3240.2,Debit Card,SUCCESS
TXN-200359,CUST-1080,2026-07-20,Starbucks,Food & Dining,DEBIT,977.11,Net Banking,SUCCESS
TXN-200360,CUST-1038,2026-03-15,Electricity Board,Bills & Utilities,DEBIT,3186.41,Net Banking,SUCCESS
TXN-200361,CUST-1109,2026-01-02,YouTube Premium,Entertainment,DEBIT,3107.33,Credit Card,SUCCESS
TXN-200362,CUST-1056,2026-03-19,YouTube Premium,Entertainment,DEBIT,4694.5,UPI,SUCCESS
TXN-200363,CUST-1108,2026-03-26,Croma,Shopping,DEBIT,6721.41,Credit Card,SUCCESS
TXN-200364,CUST-1002,2026-04-20,Apollo Pharmacy,Healthcare,DEBIT,474.79,Net Banking,SUCCESS
TXN-200365,CUST-1069,2026-05-18,YouTube Premium,Entertainment,DEBIT,4187.84,Net Banking,SUCCESS
TXN-200366,CUST-1087,2026-04-02,Domino's,Food & Dining,DEBIT,3679.21,UPI,SUCCESS
TXN-200367,CUST-1053,2026-05-15,Domino's,Food & Dining,DEBIT,4057.18,Debit Card,SUCCESS
TXN-200368,CUST-1057,2026-04-18,Croma,Shopping,DEBIT,7203.31,Credit Card,SUCCESS
TXN-200369,CUST-1022,2026-07-11,BookMyShow,Entertainment,DEBIT,2612.81,UPI,SUCCESS
TXN-200370,CUST-1084,2026-05-12,Domino's,Food & Dining,DEBIT,5550.11,Net Banking,SUCCESS
TXN-200371,CUST-1066,2026-05-15,Myntra,Shopping,DEBIT,4088.61,Debit Card,SUCCESS
TXN-200372,CUST-1078,2026-01-16,Uber,Travel,DEBIT,2890.16,UPI,SUCCESS
TXN-200373,CUST-1040,2026-01-03,Netflix,Entertainment,DEBIT,7344.55,Net Banking,SUCCESS
TXN-200374,CUST-1004,2026-05-31,Zomato,Food & Dining,DEBIT,1484.03,Credit Card,SUCCESS
TXN-200375,CUST-1019,2026-05-17,Rapido,Travel,DEBIT,1668.52,UPI,SUCCESS
TXN-200376,CUST-1014,2026-05-13,Airtel,Bills & Utilities,DEBIT,890.82,Debit Card,SUCCESS
TXN-200377,CUST-1079,2026-05-06,YouTube Premium,Entertainment,DEBIT,6472.14,UPI,SUCCESS
TXN-200378,CUST-1042,2026-06-25,Spotify,Entertainment,DEBIT,5752.12,Credit Card,SUCCESS
TXN-200379,CUST-1013,2026-01-09,Starbucks,Food & Dining,DEBIT,597.88,Debit Card,SUCCESS
TXN-200380,CUST-1029,2026-04-09,Haldiram's,Food & Dining,DEBIT,4703.03,UPI,SUCCESS
TXN-200381,CUST-1029,2026-06-08,Swiggy,Food & Dining,DEBIT,1359.28,Debit Card,SUCCESS
TXN-200382,CUST-1039,2026-08-10,YouTube Premium,Entertainment,DEBIT,4860.16,Net Banking,PENDING
TXN-200383,CUST-1050,2026-01-18,Blinkit,Food & Dining,DEBIT,5775.88,Debit Card,SUCCESS
TXN-200384,CUST-1063,2026-04-13,Apollo Pharmacy,Healthcare,DEBIT,6362.78,Debit Card,SUCCESS
TXN-200385,CUST-1024,2026-02-13,Amazon,Shopping,DEBIT,7775.22,Credit Card,SUCCESS
TXN-200386,CUST-1069,2026-04-03,Haldiram's,Food & Dining,DEBIT,2753.45,UPI,SUCCESS
TXN-200387,CUST-1045,2026-04-19,Spotify,Entertainment,DEBIT,3160.17,Net Banking,SUCCESS
TXN-200388,CUST-1036,2026-03-02,Decathlon,Shopping,DEBIT,299.75,Debit Card,SUCCESS
TXN-200389,CUST-1035,2026-02-03,Starbucks,Food & Dining,DEBIT,6696.56,Debit Card,SUCCESS
TXN-200390,CUST-1104,2026-04-30,Spotify,Entertainment,DEBIT,1357.85,Credit Card,SUCCESS
TXN-200391,CUST-1075,2026-04-14,Myntra,Shopping,DEBIT,2448.3,Net Banking,SUCCESS
TXN-200392,CUST-1087,2026-02-28,Spotify,Entertainment,DEBIT,7542.49,Credit Card,SUCCESS
TXN-200393,CUST-1048,2026-04-23,Rapido,Travel,DEBIT,2045.38,Debit Card,SUCCESS
TXN-200394,CUST-1066,2026-07-12,Swiggy,Food & Dining,DEBIT,4386.48,Credit Card,SUCCESS
TXN-200395,CUST-1085,2026-07-15,Decathlon,Shopping,DEBIT,4584.68,Credit Card,SUCCESS
TXN-200396,CUST-1023,2026-07-01,Zomato,Food & Dining,DEBIT,2636.19,UPI,SUCCESS
TXN-200397,CUST-1098,2026-04-03,BookMyShow,Entertainment,DEBIT,1623.31,Credit Card,SUCCESS
TXN-200398,CUST-1092,2026-03-15,Haldiram's,Food & Dining,DEBIT,2330.68,Net Banking,SUCCESS
TXN-200399,CUST-1113,2026-04-29,Spotify,Entertainment,DEBIT,7500.25,Debit Card,SUCCESS
TXN-200400,CUST-1089,2026-06-23,BookMyShow,Entertainment,DEBIT,7185.86,UPI,SUCCESS
TXN-200401,CUST-1109,2026-06-29,Ajio,Shopping,DEBIT,2881.7,UPI,SUCCESS
TXN-200402,CUST-1078,2026-01-30,Blinkit,Food & Dining,DEBIT,1831.62,UPI,SUCCESS
TXN-200403,CUST-1026,2026-06-05,Domino's,Food & Dining,DEBIT,1333.89,UPI,SUCCESS
TXN-200404,CUST-1023,2026-06-11,Rapido,Travel,DEBIT,6731.78,Net Banking,SUCCESS
TXN-200405,CUST-1086,2026-03-07,MedPlus,Healthcare,DEBIT,7491.83,UPI,SUCCESS
TXN-200406,CUST-1116,2026-07-18,Airtel,Bills & Utilities,DEBIT,7013.39,UPI,PENDING
TXN-200407,CUST-1102,2026-06-24,Domino's,Food & Dining,DEBIT,1760.1,Credit Card,SUCCESS
TXN-200408,CUST-1096,2026-01-23,Ajio,Shopping,DEBIT,7985.07,Debit Card,SUCCESS
TXN-200409,CUST-1055,2026-01-24,Ajio,Shopping,DEBIT,7448.65,Net Banking,SUCCESS
TXN-200410,CUST-1055,2026-06-23,Indane Gas,Bills & Utilities,DEBIT,6787.86,Debit Card,SUCCESS
TXN-200411,CUST-1090,2026-02-18,Starbucks,Food & Dining,DEBIT,2163.46,Debit Card,SUCCESS
TXN-200412,CUST-1034,2026-06-13,Zomato,Food & Dining,DEBIT,7712.49,Debit Card,SUCCESS
TXN-200413,CUST-1082,2026-04-16,Domino's,Food & Dining,DEBIT,1183.8,Net Banking,SUCCESS
TXN-200414,CUST-1001,2026-03-02,Indane Gas,Bills & Utilities,DEBIT,5563.05,Debit Card,SUCCESS
TXN-200415,CUST-1018,2026-03-31,Jio,Bills & Utilities,DEBIT,4741.67,Debit Card,SUCCESS
TXN-200416,CUST-1055,2026-07-28,Zomato,Food & Dining,DEBIT,5448.5,Debit Card,SUCCESS
TXN-200417,CUST-1052,2026-04-29,Spotify,Entertainment,DEBIT,1004.38,Credit Card,SUCCESS
TXN-200418,CUST-1008,2026-05-05,Domino's,Food & Dining,DEBIT,2500.84,UPI,SUCCESS
TXN-200419,CUST-1021,2026-04-25,Bookstore,Education,DEBIT,3616.07,Credit Card,SUCCESS
TXN-200420,CUST-1002,2026-05-23,Haldiram's,Food & Dining,DEBIT,7937.81,Net Banking,SUCCESS
TXN-200421,CUST-1095,2026-07-03,Croma,Shopping,DEBIT,2189.0,Net Banking,SUCCESS
TXN-200422,CUST-1070,2026-05-06,Domino's,Food & Dining,DEBIT,165.59,UPI,SUCCESS
TXN-200423,CUST-1094,2026-06-10,Metro,Travel,DEBIT,5624.97,Debit Card,SUCCESS
TXN-200424,CUST-1100,2026-07-11,Haldiram's,Food & Dining,DEBIT,6732.67,Credit Card,SUCCESS
TXN-200425,CUST-1115,2026-06-13,Metro,Travel,DEBIT,1430.83,Credit Card,SUCCESS
TXN-200426,CUST-1083,2026-03-25,Flipkart,Shopping,DEBIT,2629.23,Credit Card,SUCCESS
TXN-200427,CUST-1033,2026-04-05,Spotify,Entertainment,DEBIT,556.0,UPI,SUCCESS
TXN-200428,CUST-1091,2026-06-10,PharmEasy,Healthcare,DEBIT,7251.05,Debit Card,SUCCESS
TXN-200429,CUST-1039,2026-05-08,Indane Gas,Bills & Utilities,DEBIT,4690.82,UPI,SUCCESS
TXN-200430,CUST-1057,2026-02-28,Blinkit,Food & Dining,DEBIT,7761.52,UPI,PENDING
TXN-200431,CUST-1025,2026-08-06,Myntra,Shopping,DEBIT,5811.31,UPI,SUCCESS
TXN-200432,CUST-1101,2026-06-06,YouTube Premium,Entertainment,DEBIT,1230.98,UPI,SUCCESS
TXN-200433,CUST-1114,2026-05-12,Electricity Board,Bills & Utilities,DEBIT,595.47,UPI,SUCCESS
TXN-200434,CUST-1093,2026-07-31,Zomato,Food & Dining,DEBIT,3092.7,UPI,SUCCESS
TXN-200435,CUST-1073,2026-05-25,Jio,Bills & Utilities,DEBIT,3803.82,Credit Card,SUCCESS
TXN-200436,CUST-1117,2026-04-20,Coursera,Education,DEBIT,7797.52,UPI,SUCCESS
TXN-200437,CUST-1043,2026-01-16,Indane Gas,Bills & Utilities,DEBIT,5301.65,Net Banking,SUCCESS
TXN-200438,CUST-1018,2026-05-04,Electricity Board,Bills & Utilities,DEBIT,6935.57,UPI,SUCCESS
TXN-200439,CUST-1058,2026-02-26,Airtel,Bills & Utilities,DEBIT,1260.65,Credit Card,SUCCESS
TXN-200440,CUST-1031,2026-04-17,Croma,Shopping,DEBIT,3586.81,Credit Card,SUCCESS
TXN-200441,CUST-1026,2026-02-16,Udemy,Education,DEBIT,1847.95,Credit Card,SUCCESS
TXN-200442,CUST-1033,2026-02-18,Metro,Travel,DEBIT,3965.29,Net Banking,SUCCESS
TXN-200443,CUST-1095,2026-05-27,Indane Gas,Bills & Utilities,DEBIT,7283.1,UPI,SUCCESS
TXN-200444,CUST-1057,2026-06-23,Zomato,Food & Dining,DEBIT,6921.47,UPI,SUCCESS
TXN-200445,CUST-1059,2026-07-04,Metro,Travel,DEBIT,3196.51,Debit Card,SUCCESS
TXN-200446,CUST-1100,2026-02-19,Uber,Travel,DEBIT,1180.74,UPI,SUCCESS
TXN-200447,CUST-1002,2026-01-13,Decathlon,Shopping,DEBIT,4795.03,Debit Card,SUCCESS
TXN-200448,CUST-1055,2026-01-31,Airtel,Bills & Utilities,DEBIT,5007.25,Debit Card,SUCCESS
TXN-200449,CUST-1022,2026-07-06,MedPlus,Healthcare,DEBIT,5988.93,Credit Card,SUCCESS
TXN-200450,CUST-1106,2026-07-08,Electricity Board,Bills & Utilities,DEBIT,1069.51,Credit Card,SUCCESS
TXN-200451,CUST-1093,2026-05-15,Training Institute,Education,DEBIT,443.68,Credit Card,SUCCESS
TXN-200452,CUST-1078,2026-05-21,Amazon,Shopping,DEBIT,369.76,Debit Card,SUCCESS
TXN-200453,CUST-1003,2026-02-19,Indane Gas,Bills & Utilities,DEBIT,3575.04,UPI,SUCCESS
TXN-200454,CUST-1024,2026-01-19,Spotify,Entertainment,DEBIT,4478.55,Credit Card,SUCCESS
TXN-200455,CUST-1019,2026-06-21,Croma,Shopping,DEBIT,7015.69,Credit Card,SUCCESS
TXN-200456,CUST-1020,2026-01-04,Haldiram's,Food & Dining,DEBIT,4064.02,UPI,SUCCESS
TXN-200457,CUST-1080,2026-01-10,Blinkit,Food & Dining,DEBIT,5468.15,Net Banking,SUCCESS
TXN-200458,CUST-1058,2026-02-10,Water Bill,Bills & Utilities,DEBIT,1910.75,UPI,SUCCESS
TXN-200459,CUST-1115,2026-05-16,Zomato,Food & Dining,DEBIT,4754.86,UPI,SUCCESS
TXN-200460,CUST-1060,2026-07-29,Flipkart,Shopping,DEBIT,4658.64,Net Banking,SUCCESS
TXN-200461,CUST-1075,2026-03-22,Haldiram's,Food & Dining,DEBIT,2736.86,UPI,SUCCESS
TXN-200462,CUST-1006,2026-08-13,Coursera,Education,DEBIT,5843.01,Debit Card,SUCCESS
TXN-200463,CUST-1034,2026-03-11,Domino's,Food & Dining,DEBIT,4594.79,Debit Card,PENDING
TXN-200464,CUST-1116,2026-01-09,Apollo Pharmacy,Healthcare,DEBIT,6991.82,Net Banking,SUCCESS
TXN-200465,CUST-1102,2026-06-12,Domino's,Food & Dining,DEBIT,6365.03,Debit Card,SUCCESS
TXN-200466,CUST-1039,2026-02-06,Electricity Board,Bills & Utilities,DEBIT,5942.3,Debit Card,SUCCESS
TXN-200467,CUST-1043,2026-05-21,Airtel,Bills & Utilities,DEBIT,5663.38,Credit Card,SUCCESS
TXN-200468,CUST-1048,2026-07-20,Myntra,Shopping,DEBIT,6492.82,Credit Card,SUCCESS
TXN-200469,CUST-1112,2026-02-22,Blinkit,Food & Dining,DEBIT,3679.7,Net Banking,SUCCESS
TXN-200470,CUST-1022,2026-07-17,Croma,Shopping,DEBIT,623.97,Credit Card,SUCCESS
TXN-200471,CUST-1071,2026-03-06,Electricity Board,Bills & Utilities,DEBIT,680.65,Debit Card,SUCCESS
TXN-200472,CUST-1039,2026-01-21,Rapido,Travel,DEBIT,2892.57,Net Banking,SUCCESS
TXN-200473,CUST-1093,2026-07-18,Airtel,Bills & Utilities,DEBIT,6724.84,Credit Card,SUCCESS
TXN-200474,CUST-1070,2026-03-12,Apollo Pharmacy,Healthcare,DEBIT,6092.08,Credit Card,SUCCESS
TXN-200475,CUST-1052,2026-01-06,Haldiram's,Food & Dining,DEBIT,1682.75,Credit Card,SUCCESS
TXN-200476,CUST-1031,2026-06-15,Blinkit,Food & Dining,DEBIT,548.72,Debit Card,SUCCESS
TXN-200477,CUST-1105,2026-01-21,Starbucks,Food & Dining,DEBIT,2795.17,Debit Card,SUCCESS
TXN-200478,CUST-1113,2026-03-11,Uber,Travel,DEBIT,5155.15,UPI,SUCCESS
TXN-200479,CUST-1004,2026-03-25,PharmEasy,Healthcare,DEBIT,3302.01,Credit Card,SUCCESS
TXN-200480,CUST-1006,2026-08-10,Amazon,Shopping,DEBIT,5047.86,Credit Card,SUCCESS
TXN-200481,CUST-1060,2026-06-03,Amazon,Shopping,DEBIT,303.35,Credit Card,SUCCESS
TXN-200482,CUST-1079,2026-03-22,Blinkit,Food & Dining,DEBIT,5820.67,Credit Card,SUCCESS
TXN-200483,CUST-1019,2026-01-05,Starbucks,Food & Dining,DEBIT,6160.79,UPI,SUCCESS
TXN-200484,CUST-1069,2026-04-03,Decathlon,Shopping,DEBIT,4749.06,Debit Card,SUCCESS
TXN-200485,CUST-1030,2026-06-04,Metro,Travel,DEBIT,4987.54,Net Banking,SUCCESS
TXN-200486,CUST-1084,2026-07-18,Indane Gas,Bills & Utilities,DEBIT,7821.34,Net Banking,SUCCESS
TXN-200487,CUST-1036,2026-04-03,Ola,Travel,DEBIT,2098.03,Net Banking,SUCCESS
TXN-200488,CUST-1047,2026-07-27,Spotify,Entertainment,DEBIT,7917.25,Debit Card,SUCCESS
TXN-200489,CUST-1080,2026-01-24,Coursera,Education,DEBIT,1065.56,Debit Card,SUCCESS
TXN-200490,CUST-1078,2026-02-16,Domino's,Food & Dining,DEBIT,5927.01,Debit Card,SUCCESS
TXN-200491,CUST-1021,2026-08-08,Apollo Pharmacy,Healthcare,DEBIT,2871.54,Debit Card,SUCCESS
TXN-200492,CUST-1082,2026-08-09,IRCTC,Travel,DEBIT,7218.14,Net Banking,SUCCESS
TXN-200493,CUST-1004,2026-03-24,Netflix,Entertainment,DEBIT,5314.22,UPI,SUCCESS
TXN-200494,CUST-1087,2026-06-15,MedPlus,Healthcare,DEBIT,573.89,Net Banking,SUCCESS
TXN-200495,CUST-1081,2026-04-07,Coursera,Education,DEBIT,342.58,UPI,SUCCESS
TXN-200496,CUST-1046,2026-04-22,Zomato,Food & Dining,DEBIT,2675.76,Net Banking,SUCCESS
TXN-200497,CUST-1064,2026-03-18,1mg,Healthcare,DEBIT,7852.62,Debit Card,SUCCESS
TXN-200498,CUST-1097,2026-08-11,Jio,Bills & Utilities,DEBIT,6600.36,Credit Card,SUCCESS
TXN-200499,CUST-1115,2026-01-02,Myntra,Shopping,DEBIT,1376.62,Net Banking,SUCCESS
TXN-200500,CUST-1027,2026-01-14,MedPlus,Healthcare,DEBIT,464.89,Net Banking,SUCCESS
TXN-200501,CUST-1120,2026-08-10,Domino's,Food & Dining,DEBIT,5512.72,UPI,SUCCESS
TXN-200502,CUST-1039,2026-01-03,Zomato,Food & Dining,DEBIT,4070.77,Credit Card,SUCCESS
TXN-200503,CUST-1051,2026-02-13,Amazon,Shopping,DEBIT,3372.19,Net Banking,SUCCESS
TXN-200504,CUST-1026,2026-01-09,Metro,Travel,DEBIT,5546.72,UPI,SUCCESS
TXN-200505,CUST-1056,2026-06-02,Blinkit,Food & Dining,DEBIT,928.46,UPI,SUCCESS
TXN-200506,CUST-1015,2026-03-23,Swiggy,Food & Dining,DEBIT,7661.61,Debit Card,SUCCESS
TXN-200507,CUST-1088,2026-01-01,Starbucks,Food & Dining,DEBIT,1268.69,UPI,SUCCESS
TXN-200508,CUST-1118,2026-08-03,Uber,Travel,DEBIT,2860.59,Debit Card,SUCCESS
TXN-200509,CUST-1010,2026-08-15,Domino's,Food & Dining,DEBIT,5658.3,UPI,SUCCESS
TXN-200510,CUST-1026,2026-01-18,Udemy,Education,DEBIT,3324.17,Credit Card,SUCCESS
TXN-200511,CUST-1084,2026-03-25,Water Bill,Bills & Utilities,DEBIT,4397.36,Credit Card,SUCCESS
TXN-200512,CUST-1035,2026-08-12,Water Bill,Bills & Utilities,DEBIT,3433.5,Net Banking,SUCCESS
TXN-200513,CUST-1050,2026-02-08,Ajio,Shopping,DEBIT,6449.66,UPI,SUCCESS
TXN-200514,CUST-1033,2026-05-09,PharmEasy,Healthcare,DEBIT,7929.0,Debit Card,SUCCESS
TXN-200515,CUST-1101,2026-01-23,Netflix,Entertainment,DEBIT,7277.32,UPI,SUCCESS
TXN-200516,CUST-1083,2026-05-23,Ajio,Shopping,DEBIT,4436.69,Credit Card,SUCCESS
TXN-200517,CUST-1096,2026-05-28,Blinkit,Food & Dining,DEBIT,6842.43,Credit Card,SUCCESS
TXN-200518,CUST-1081,2026-04-08,Blinkit,Food & Dining,DEBIT,6968.54,Credit Card,SUCCESS
TXN-200519,CUST-1035,2026-04-11,Bookstore,Education,DEBIT,668.76,Debit Card,SUCCESS
TXN-200520,CUST-1117,2026-07-15,Haldiram's,Food & Dining,DEBIT,6875.88,Credit Card,SUCCESS
TXN-200521,CUST-1019,2026-05-03,Uber,Travel,DEBIT,7425.9,Credit Card,SUCCESS
TXN-200522,CUST-1047,2026-05-16,Zomato,Food & Dining,DEBIT,5422.09,Debit Card,SUCCESS
TXN-200523,CUST-1106,2026-04-28,Blinkit,Food & Dining,DEBIT,6955.47,UPI,SUCCESS
TXN-200524,CUST-1105,2026-04-03,YouTube Premium,Entertainment,DEBIT,1071.97,Debit Card,SUCCESS
TXN-200525,CUST-1046,2026-04-07,Blinkit,Food & Dining,DEBIT,6445.38,Credit Card,SUCCESS
TXN-200526,CUST-1038,2026-01-23,Haldiram's,Food & Dining,DEBIT,5590.62,Net Banking,SUCCESS
TXN-200527,CUST-1098,2026-07-07,Spotify,Entertainment,DEBIT,146.76,Debit Card,SUCCESS
TXN-200528,CUST-1080,2026-05-14,Electricity Board,Bills & Utilities,DEBIT,4234.75,Net Banking,SUCCESS
TXN-200529,CUST-1074,2026-05-23,Domino's,Food & Dining,DEBIT,556.1,Debit Card,SUCCESS
TXN-200530,CUST-1042,2026-05-20,Domino's,Food & Dining,DEBIT,2010.47,Net Banking,SUCCESS
TXN-200531,CUST-1012,2026-06-12,Ola,Travel,DEBIT,1113.57,Credit Card,SUCCESS
TXN-200532,CUST-1092,2026-04-06,PharmEasy,Healthcare,DEBIT,3068.24,UPI,SUCCESS
TXN-200533,CUST-1056,2026-03-17,Bookstore,Education,DEBIT,2883.58,Net Banking,SUCCESS
TXN-200534,CUST-1025,2026-02-03,MedPlus,Healthcare,DEBIT,600.51,Debit Card,SUCCESS
TXN-200535,CUST-1058,2026-01-19,Haldiram's,Food & Dining,DEBIT,3206.75,Net Banking,SUCCESS
TXN-200536,CUST-1004,2026-06-14,Airtel,Bills & Utilities,DEBIT,4782.93,Net Banking,SUCCESS
TXN-200537,CUST-1054,2026-06-29,YouTube Premium,Entertainment,DEBIT,1492.23,UPI,SUCCESS
TXN-200538,CUST-1097,2026-05-06,Swiggy,Food & Dining,DEBIT,5396.01,Debit Card,SUCCESS
TXN-200539,CUST-1038,2026-01-11,MedPlus,Healthcare,DEBIT,6176.9,Net Banking,SUCCESS
TXN-200540,CUST-1074,2026-02-26,Netflix,Entertainment,DEBIT,903.48,UPI,SUCCESS
TXN-200541,CUST-1008,2026-02-25,Metro,Travel,DEBIT,1678.71,Credit Card,SUCCESS
TXN-200542,CUST-1096,2026-01-15,MakeMyTrip,Travel,DEBIT,6764.57,Debit Card,PENDING
TXN-200543,CUST-1081,2026-07-29,Zomato,Food & Dining,DEBIT,2631.86,Debit Card,SUCCESS
TXN-200544,CUST-1069,2026-01-02,Domino's,Food & Dining,DEBIT,4208.08,UPI,SUCCESS
TXN-200545,CUST-1039,2026-03-07,Indane Gas,Bills & Utilities,DEBIT,3218.78,Net Banking,SUCCESS
TXN-200546,CUST-1111,2026-03-20,Ajio,Shopping,DEBIT,6435.58,Credit Card,SUCCESS
TXN-200547,CUST-1069,2026-02-03,Blinkit,Food & Dining,DEBIT,3053.08,Net Banking,SUCCESS
TXN-200548,CUST-1047,2026-07-01,IRCTC,Travel,DEBIT,1682.1,UPI,SUCCESS
TXN-200549,CUST-1053,2026-01-03,Rapido,Travel,DEBIT,6604.76,UPI,SUCCESS
TXN-200550,CUST-1026,2026-07-23,Decathlon,Shopping,DEBIT,1753.98,Net Banking,SUCCESS
TXN-200551,CUST-1113,2026-07-06,Myntra,Shopping,DEBIT,555.96,Net Banking,SUCCESS
TXN-200552,CUST-1111,2026-02-01,Swiggy,Food & Dining,DEBIT,6532.94,Net Banking,SUCCESS
TXN-200553,CUST-1103,2026-07-04,Ola,Travel,DEBIT,4035.91,Credit Card,SUCCESS
TXN-200554,CUST-1019,2026-05-17,Spotify,Entertainment,DEBIT,4178.23,Net Banking,SUCCESS
TXN-200555,CUST-1007,2026-07-20,Haldiram's,Food & Dining,DEBIT,1867.78,Credit Card,SUCCESS
TXN-200556,CUST-1020,2026-04-24,Airtel,Bills & Utilities,DEBIT,7398.46,Debit Card,SUCCESS
TXN-200557,CUST-1098,2026-08-03,Myntra,Shopping,DEBIT,7010.28,Credit Card,SUCCESS
TXN-200558,CUST-1117,2026-07-04,Domino's,Food & Dining,DEBIT,2662.7,Debit Card,SUCCESS
TXN-200559,CUST-1030,2026-07-24,Water Bill,Bills & Utilities,DEBIT,7795.97,Credit Card,SUCCESS
TXN-200560,CUST-1084,2026-06-14,Croma,Shopping,DEBIT,5584.12,Debit Card,SUCCESS
TXN-200561,CUST-1043,2026-07-06,Blinkit,Food & Dining,DEBIT,3270.85,UPI,SUCCESS
TXN-200562,CUST-1027,2026-02-01,Indane Gas,Bills & Utilities,DEBIT,4258.05,Credit Card,SUCCESS
TXN-200563,CUST-1064,2026-01-05,Airtel,Bills & Utilities,DEBIT,1684.03,Credit Card,SUCCESS
TXN-200564,CUST-1097,2026-06-03,Uber,Travel,DEBIT,1690.47,Net Banking,SUCCESS
TXN-200565,CUST-1030,2026-07-15,BookMyShow,Entertainment,DEBIT,355.99,UPI,SUCCESS
TXN-200566,CUST-1020,2026-03-30,Blinkit,Food & Dining,DEBIT,2470.19,Debit Card,SUCCESS
TXN-200567,CUST-1043,2026-04-26,Decathlon,Shopping,DEBIT,2976.0,UPI,SUCCESS
TXN-200568,CUST-1093,2026-03-18,YouTube Premium,Entertainment,DEBIT,855.78,UPI,SUCCESS
TXN-200569,CUST-1005,2026-06-02,Amazon,Shopping,DEBIT,412.93,UPI,SUCCESS
TXN-200570,CUST-1074,2026-06-28,Domino's,Food & Dining,DEBIT,702.24,Debit Card,SUCCESS
TXN-200571,CUST-1043,2026-06-19,Udemy,Education,DEBIT,6754.14,Net Banking,SUCCESS
TXN-200572,CUST-1113,2026-03-08,Zomato,Food & Dining,DEBIT,1024.86,Net Banking,SUCCESS
TXN-200573,CUST-1060,2026-05-19,Zomato,Food & Dining,DEBIT,1395.81,UPI,SUCCESS
TXN-200574,CUST-1037,2026-04-04,Training Institute,Education,DEBIT,4486.81,Debit Card,SUCCESS
TXN-200575,CUST-1065,2026-07-06,1mg,Healthcare,DEBIT,7135.81,UPI,SUCCESS
TXN-200576,CUST-1102,2026-01-14,Decathlon,Shopping,DEBIT,4606.25,Debit Card,SUCCESS
TXN-200577,CUST-1034,2026-02-13,Swiggy,Food & Dining,DEBIT,3449.62,UPI,SUCCESS
TXN-200578,CUST-1085,2026-08-16,Starbucks,Food & Dining,DEBIT,1819.23,Debit Card,SUCCESS
TXN-200579,CUST-1105,2026-07-20,Uber,Travel,DEBIT,6588.79,UPI,SUCCESS
TXN-200580,CUST-1080,2026-01-26,Blinkit,Food & Dining,DEBIT,1480.13,Credit Card,SUCCESS
TXN-200581,CUST-1076,2026-07-27,Jio,Bills & Utilities,DEBIT,185.05,Net Banking,SUCCESS
TXN-200582,CUST-1032,2026-01-09,Zomato,Food & Dining,DEBIT,5896.66,Debit Card,SUCCESS
TXN-200583,CUST-1027,2026-03-30,Spotify,Entertainment,DEBIT,7406.7,Credit Card,SUCCESS
TXN-200584,CUST-1102,2026-01-18,Training Institute,Education,DEBIT,398.06,Credit Card,SUCCESS
TXN-200585,CUST-1009,2026-07-12,Ola,Travel,DEBIT,6946.44,UPI,SUCCESS
TXN-200586,CUST-1084,2026-07-21,Decathlon,Shopping,DEBIT,7773.69,Debit Card,SUCCESS
TXN-200587,CUST-1096,2026-05-07,Water Bill,Bills & Utilities,DEBIT,1166.04,Credit Card,SUCCESS
TXN-200588,CUST-1101,2026-07-10,Decathlon,Shopping,DEBIT,4764.01,Net Banking,SUCCESS
TXN-200589,CUST-1112,2026-06-13,BookMyShow,Entertainment,DEBIT,6009.39,UPI,SUCCESS
TXN-200590,CUST-1033,2026-07-20,Spotify,Entertainment,DEBIT,1996.84,Net Banking,SUCCESS
TXN-200591,CUST-1117,2026-08-13,Metro,Travel,DEBIT,7127.33,UPI,SUCCESS
TXN-200592,CUST-1081,2026-07-20,Decathlon,Shopping,DEBIT,6213.87,Credit Card,SUCCESS
TXN-200593,CUST-1030,2026-04-14,Bookstore,Education,DEBIT,5339.91,Net Banking,SUCCESS
TXN-200594,CUST-1078,2026-01-02,Amazon,Shopping,DEBIT,7612.83,Net Banking,SUCCESS
TXN-200595,CUST-1019,2026-06-04,Flipkart,Shopping,DEBIT,4408.69,UPI,SUCCESS
TXN-200596,CUST-1005,2026-08-05,Flipkart,Shopping,DEBIT,2753.0,Credit Card,SUCCESS
TXN-200597,CUST-1085,2026-08-16,Croma,Shopping,DEBIT,6476.34,UPI,SUCCESS
TXN-200598,CUST-1106,2026-06-10,Zomato,Food & Dining,DEBIT,3178.39,Credit Card,SUCCESS
TXN-200599,CUST-1045,2026-04-03,Starbucks,Food & Dining,DEBIT,7067.49,Net Banking,SUCCESS
TXN-200600,CUST-1065,2026-03-23,Coursera,Education,DEBIT,6868.28,Debit Card,SUCCESS
TXN-200601,CUST-1023,2026-01-03,Swiggy,Food & Dining,DEBIT,7565.54,Net Banking,SUCCESS
TXN-200602,CUST-1046,2026-06-18,Blinkit,Food & Dining,DEBIT,897.17,Net Banking,SUCCESS
TXN-200603,CUST-1086,2026-07-12,PharmEasy,Healthcare,DEBIT,699.63,Credit Card,SUCCESS
TXN-200604,CUST-1085,2026-03-17,Decathlon,Shopping,DEBIT,5092.2,Net Banking,SUCCESS
TXN-200605,CUST-1117,2026-07-27,Water Bill,Bills & Utilities,DEBIT,3997.39,UPI,SUCCESS
TXN-200606,CUST-1016,2026-08-02,PharmEasy,Healthcare,DEBIT,3637.1,Debit Card,SUCCESS
TXN-200607,CUST-1042,2026-07-11,Ajio,Shopping,DEBIT,1182.24,Credit Card,SUCCESS
TXN-200608,CUST-1066,2026-05-31,Apollo Pharmacy,Healthcare,DEBIT,7981.87,Debit Card,SUCCESS
TXN-200609,CUST-1081,2026-06-14,Coursera,Education,DEBIT,2400.25,UPI,SUCCESS
TXN-200610,CUST-1104,2026-04-15,Water Bill,Bills & Utilities,DEBIT,3994.64,Credit Card,SUCCESS
TXN-200611,CUST-1107,2026-03-13,Croma,Shopping,DEBIT,4016.52,UPI,SUCCESS
TXN-200612,CUST-1026,2026-03-30,Apollo Pharmacy,Healthcare,DEBIT,1380.98,Debit Card,SUCCESS
TXN-200613,CUST-1050,2026-01-14,IRCTC,Travel,DEBIT,7700.79,Debit Card,SUCCESS
TXN-200614,CUST-1042,2026-05-02,Haldiram's,Food & Dining,DEBIT,3284.31,Credit Card,SUCCESS
TXN-200615,CUST-1061,2026-03-23,Flipkart,Shopping,DEBIT,988.5,Net Banking,SUCCESS
TXN-200616,CUST-1100,2026-04-15,IRCTC,Travel,DEBIT,447.18,Credit Card,SUCCESS
TXN-200617,CUST-1109,2026-05-01,Water Bill,Bills & Utilities,DEBIT,6045.79,Credit Card,SUCCESS
TXN-200618,CUST-1068,2026-07-03,MedPlus,Healthcare,DEBIT,6826.16,UPI,SUCCESS
TXN-200619,CUST-1069,2026-07-17,Blinkit,Food & Dining,DEBIT,4575.15,Credit Card,SUCCESS
TXN-200620,CUST-1032,2026-04-03,Swiggy,Food & Dining,DEBIT,7017.24,UPI,SUCCESS
TXN-200621,CUST-1107,2026-06-23,Netflix,Entertainment,DEBIT,7447.27,Debit Card,SUCCESS
TXN-200622,CUST-1089,2026-07-05,Uber,Travel,DEBIT,6219.42,Net Banking,SUCCESS
TXN-200623,CUST-1044,2026-07-22,Water Bill,Bills & Utilities,DEBIT,3201.3,Credit Card,SUCCESS
TXN-200624,CUST-1019,2026-02-17,Indane Gas,Bills & Utilities,DEBIT,5911.71,Net Banking,SUCCESS
TXN-200625,CUST-1044,2026-03-15,Blinkit,Food & Dining,DEBIT,621.0,Net Banking,SUCCESS
TXN-200626,CUST-1086,2026-01-01,Spotify,Entertainment,DEBIT,4664.8,Net Banking,SUCCESS
TXN-200627,CUST-1109,2026-07-06,Blinkit,Food & Dining,DEBIT,6328.94,Debit Card,SUCCESS
TXN-200628,CUST-1031,2026-06-21,Netflix,Entertainment,DEBIT,7196.86,UPI,SUCCESS
TXN-200629,CUST-1049,2026-07-30,Bookstore,Education,DEBIT,1137.1,Net Banking,SUCCESS
TXN-200630,CUST-1099,2026-03-12,Indane Gas,Bills & Utilities,DEBIT,4878.3,Credit Card,SUCCESS
TXN-200631,CUST-1047,2026-02-27,Decathlon,Shopping,DEBIT,4595.03,UPI,SUCCESS
TXN-200632,CUST-1016,2026-06-29,IRCTC,Travel,DEBIT,1825.3,Net Banking,SUCCESS
TXN-200633,CUST-1065,2026-02-05,Amazon,Shopping,DEBIT,7820.45,UPI,SUCCESS
TXN-200634,CUST-1062,2026-07-31,Myntra,Shopping,DEBIT,2423.78,Credit Card,SUCCESS
TXN-200635,CUST-1028,2026-05-16,Rapido,Travel,DEBIT,6368.4,Debit Card,SUCCESS
TXN-200636,CUST-1092,2026-07-27,Uber,Travel,DEBIT,1861.6,Debit Card,SUCCESS
TXN-200637,CUST-1048,2026-05-10,Swiggy,Food & Dining,DEBIT,7640.71,Credit Card,SUCCESS
TXN-200638,CUST-1050,2026-05-30,Starbucks,Food & Dining,DEBIT,7640.77,Net Banking,SUCCESS
TXN-200639,CUST-1008,2026-08-11,MedPlus,Healthcare,DEBIT,7694.59,Credit Card,SUCCESS
TXN-200640,CUST-1062,2026-03-06,Starbucks,Food & Dining,DEBIT,1156.57,Net Banking,SUCCESS
TXN-200641,CUST-1059,2026-08-14,Jio,Bills & Utilities,DEBIT,2799.27,Debit Card,SUCCESS
TXN-200642,CUST-1025,2026-02-12,Amazon,Shopping,DEBIT,5914.35,UPI,SUCCESS
TXN-200643,CUST-1096,2026-02-20,Spotify,Entertainment,DEBIT,6209.2,Debit Card,SUCCESS
TXN-200644,CUST-1038,2026-06-29,Netflix,Entertainment,DEBIT,7367.57,UPI,SUCCESS
TXN-200645,CUST-1107,2026-02-22,Decathlon,Shopping,DEBIT,5803.69,Credit Card,SUCCESS
TXN-200646,CUST-1081,2026-06-10,Domino's,Food & Dining,DEBIT,7932.6,Credit Card,SUCCESS
TXN-200647,CUST-1046,2026-07-09,Haldiram's,Food & Dining,DEBIT,7201.98,Net Banking,SUCCESS
TXN-200648,CUST-1020,2026-03-29,Domino's,Food & Dining,DEBIT,6242.02,Net Banking,SUCCESS
TXN-200649,CUST-1102,2026-01-22,MedPlus,Healthcare,DEBIT,3862.31,Debit Card,SUCCESS
TXN-200650,CUST-1066,2026-05-16,MakeMyTrip,Travel,DEBIT,1753.38,Credit Card,SUCCESS
TXN-200651,CUST-1105,2026-02-19,Indane Gas,Bills & Utilities,DEBIT,3550.3,Net Banking,SUCCESS
TXN-200652,CUST-1018,2026-08-04,Amazon,Shopping,DEBIT,977.92,Net Banking,SUCCESS
TXN-200653,CUST-1101,2026-07-28,Netflix,Entertainment,DEBIT,3763.32,UPI,SUCCESS
TXN-200654,CUST-1010,2026-05-27,IRCTC,Travel,DEBIT,2773.76,Net Banking,SUCCESS
TXN-200655,CUST-1001,2026-06-13,1mg,Healthcare,DEBIT,1715.11,Credit Card,SUCCESS
TXN-200656,CUST-1113,2026-01-27,Zomato,Food & Dining,DEBIT,7564.09,Net Banking,SUCCESS
TXN-200657,CUST-1088,2026-05-30,PharmEasy,Healthcare,DEBIT,6117.36,UPI,SUCCESS
TXN-200658,CUST-1087,2026-02-13,Decathlon,Shopping,DEBIT,7920.4,Net Banking,SUCCESS
TXN-200659,CUST-1016,2026-05-01,MakeMyTrip,Travel,DEBIT,4832.67,UPI,SUCCESS
TXN-200660,CUST-1030,2026-07-24,Udemy,Education,DEBIT,3199.2,Debit Card,SUCCESS
TXN-200661,CUST-1032,2026-07-09,Airtel,Bills & Utilities,DEBIT,7273.15,Debit Card,SUCCESS
TXN-200662,CUST-1052,2026-01-10,Myntra,Shopping,DEBIT,7535.23,Debit Card,SUCCESS
TXN-200663,CUST-1082,2026-01-12,Training Institute,Education,DEBIT,2177.34,Debit Card,SUCCESS
TXN-200664,CUST-1014,2026-05-03,Airtel,Bills & Utilities,DEBIT,1576.81,Debit Card,SUCCESS
TXN-200665,CUST-1101,2026-03-24,Haldiram's,Food & Dining,DEBIT,7339.17,UPI,SUCCESS
TXN-200666,CUST-1106,2026-01-08,Uber,Travel,DEBIT,4069.55,UPI,SUCCESS
TXN-200667,CUST-1038,2026-06-19,MakeMyTrip,Travel,DEBIT,3235.97,UPI,SUCCESS
TXN-200668,CUST-1107,2026-02-23,Starbucks,Food & Dining,DEBIT,6511.25,Net Banking,SUCCESS
TXN-200669,CUST-1027,2026-07-01,Water Bill,Bills & Utilities,DEBIT,7868.12,UPI,SUCCESS
TXN-200670,CUST-1012,2026-04-01,Jio,Bills & Utilities,DEBIT,6812.87,UPI,SUCCESS
TXN-200671,CUST-1098,2026-03-12,Flipkart,Shopping,DEBIT,1267.8,Credit Card,SUCCESS
TXN-200672,CUST-1006,2026-01-02,Swiggy,Food & Dining,DEBIT,5494.73,Debit Card,SUCCESS
TXN-200673,CUST-1119,2026-04-27,Coursera,Education,DEBIT,7339.59,UPI,SUCCESS
TXN-200674,CUST-1094,2026-08-03,Swiggy,Food & Dining,DEBIT,5393.97,Debit Card,SUCCESS
TXN-200675,CUST-1008,2026-04-21,Spotify,Entertainment,DEBIT,4987.89,Credit Card,SUCCESS
TXN-200676,CUST-1101,2026-06-30,Domino's,Food & Dining,DEBIT,6785.72,UPI,SUCCESS
TXN-200677,CUST-1021,2026-01-25,Blinkit,Food & Dining,DEBIT,5281.56,Net Banking,SUCCESS
TXN-200678,CUST-1097,2026-08-03,Electricity Board,Bills & Utilities,DEBIT,2266.15,Debit Card,SUCCESS
TXN-200679,CUST-1030,2026-05-18,Starbucks,Food & Dining,DEBIT,7101.64,Credit Card,SUCCESS
TXN-200680,CUST-1114,2026-07-17,BookMyShow,Entertainment,DEBIT,6377.33,Debit Card,SUCCESS
TXN-200681,CUST-1055,2026-07-31,BookMyShow,Entertainment,DEBIT,3000.29,UPI,SUCCESS
TXN-200682,CUST-1007,2026-02-11,Blinkit,Food & Dining,DEBIT,5341.56,Debit Card,SUCCESS
TXN-200683,CUST-1067,2026-04-15,Udemy,Education,DEBIT,5217.57,Debit Card,SUCCESS
TXN-200684,CUST-1034,2026-08-15,Haldiram's,Food & Dining,DEBIT,5754.88,Debit Card,SUCCESS
TXN-200685,CUST-1089,2026-06-07,Electricity Board,Bills & Utilities,DEBIT,6049.75,Debit Card,SUCCESS
TXN-200686,CUST-1111,2026-01-08,Zomato,Food & Dining,DEBIT,5164.99,Debit Card,SUCCESS
TXN-200687,CUST-1051,2026-06-03,Domino's,Food & Dining,DEBIT,715.74,UPI,SUCCESS
TXN-200688,CUST-1019,2026-01-19,Croma,Shopping,DEBIT,991.61,Net Banking,SUCCESS
TXN-200689,CUST-1036,2026-05-11,Water Bill,Bills & Utilities,DEBIT,1505.34,UPI,SUCCESS
TXN-200690,CUST-1089,2026-04-12,Myntra,Shopping,DEBIT,3614.93,UPI,SUCCESS
TXN-200691,CUST-1107,2026-04-28,Myntra,Shopping,DEBIT,342.51,Debit Card,SUCCESS
TXN-200692,CUST-1086,2026-02-23,BookMyShow,Entertainment,DEBIT,2293.43,UPI,SUCCESS
TXN-200693,CUST-1021,2026-01-19,MedPlus,Healthcare,DEBIT,5323.64,Debit Card,SUCCESS
TXN-200694,CUST-1008,2026-05-04,Haldiram's,Food & Dining,DEBIT,2106.13,UPI,SUCCESS
TXN-200695,CUST-1038,2026-02-27,Swiggy,Food & Dining,DEBIT,2219.78,Debit Card,SUCCESS
TXN-200696,CUST-1093,2026-04-01,Myntra,Shopping,DEBIT,1193.04,Credit Card,SUCCESS
TXN-200697,CUST-1015,2026-02-12,Ola,Travel,DEBIT,7282.99,Debit Card,SUCCESS
TXN-200698,CUST-1004,2026-04-08,Coursera,Education,DEBIT,5224.04,Debit Card,SUCCESS
TXN-200699,CUST-1083,2026-08-07,Ajio,Shopping,DEBIT,2177.08,UPI,SUCCESS
TXN-200700,CUST-1048,2026-06-19,Myntra,Shopping,DEBIT,2326.55,Net Banking,SUCCESS
TXN-200701,CUST-1072,2026-01-30,Blinkit,Food & Dining,DEBIT,3988.04,Net Banking,SUCCESS
TXN-200702,CUST-1117,2026-05-03,1mg,Healthcare,DEBIT,3464.04,UPI,SUCCESS
TXN-200703,CUST-1057,2026-01-18,Haldiram's,Food & Dining,DEBIT,1988.73,Credit Card,SUCCESS
TXN-200704,CUST-1062,2026-01-19,Metro,Travel,DEBIT,1805.35,Net Banking,SUCCESS
TXN-200705,CUST-1031,2026-04-21,Rapido,Travel,DEBIT,1448.13,Credit Card,SUCCESS
TXN-200706,CUST-1060,2026-01-22,Ajio,Shopping,DEBIT,6301.98,Debit Card,SUCCESS
TXN-200707,CUST-1013,2026-04-26,Ola,Travel,DEBIT,2316.97,Credit Card,SUCCESS
TXN-200708,CUST-1062,2026-06-30,Bookstore,Education,DEBIT,1521.78,UPI,SUCCESS
TXN-200709,CUST-1004,2026-07-27,Metro,Travel,DEBIT,3815.4,UPI,SUCCESS
TXN-200710,CUST-1086,2026-03-01,Spotify,Entertainment,DEBIT,5243.98,Debit Card,SUCCESS
TXN-200711,CUST-1095,2026-08-16,Udemy,Education,DEBIT,6872.8,Credit Card,SUCCESS
TXN-200712,CUST-1030,2026-06-16,Swiggy,Food & Dining,DEBIT,4823.86,UPI,SUCCESS
TXN-200713,CUST-1057,2026-08-06,Zomato,Food & Dining,DEBIT,6730.2,Credit Card,SUCCESS
TXN-200714,CUST-1009,2026-05-30,Haldiram's,Food & Dining,DEBIT,297.71,Debit Card,SUCCESS
TXN-200715,CUST-1062,2026-05-04,Domino's,Food & Dining,DEBIT,4142.06,Net Banking,SUCCESS
TXN-200716,CUST-1028,2026-02-24,Ola,Travel,DEBIT,6687.96,Debit Card,SUCCESS
TXN-200717,CUST-1029,2026-07-20,Flipkart,Shopping,DEBIT,350.96,Debit Card,SUCCESS
TXN-200718,CUST-1073,2026-06-21,Electricity Board,Bills & Utilities,DEBIT,6183.24,Debit Card,SUCCESS
TXN-200719,CUST-1104,2026-01-01,Domino's,Food & Dining,DEBIT,4892.53,Net Banking,SUCCESS
TXN-200720,CUST-1034,2026-07-02,Myntra,Shopping,DEBIT,4540.62,Credit Card,SUCCESS
TXN-200721,CUST-1067,2026-02-08,1mg,Healthcare,DEBIT,4693.16,UPI,SUCCESS
TXN-200722,CUST-1075,2026-04-19,Haldiram's,Food & Dining,DEBIT,6341.13,Credit Card,SUCCESS
TXN-200723,CUST-1020,2026-06-19,Blinkit,Food & Dining,DEBIT,2224.58,Net Banking,SUCCESS
TXN-200724,CUST-1014,2026-04-22,Apollo Pharmacy,Healthcare,DEBIT,7241.32,UPI,SUCCESS
TXN-200725,CUST-1054,2026-02-14,Apollo Pharmacy,Healthcare,DEBIT,4282.12,Credit Card,SUCCESS
TXN-200726,CUST-1075,2026-06-17,Airtel,Bills & Utilities,DEBIT,3625.57,Net Banking,SUCCESS
TXN-200727,CUST-1048,2026-05-31,Indane Gas,Bills & Utilities,DEBIT,7702.76,Debit Card,SUCCESS
TXN-200728,CUST-1074,2026-06-01,PharmEasy,Healthcare,DEBIT,1534.05,Credit Card,SUCCESS
TXN-200729,CUST-1068,2026-04-16,Flipkart,Shopping,DEBIT,5451.45,UPI,SUCCESS
TXN-200730,CUST-1061,2026-01-15,Ola,Travel,DEBIT,5409.66,UPI,SUCCESS
TXN-200731,CUST-1091,2026-03-29,Jio,Bills & Utilities,DEBIT,3777.49,Credit Card,SUCCESS
TXN-200732,CUST-1012,2026-03-01,Coursera,Education,DEBIT,4386.09,Net Banking,SUCCESS
TXN-200733,CUST-1095,2026-07-11,Blinkit,Food & Dining,DEBIT,2941.46,Net Banking,SUCCESS
TXN-200734,CUST-1082,2026-02-02,Coursera,Education,DEBIT,7043.43,UPI,SUCCESS
TXN-200735,CUST-1079,2026-02-04,PharmEasy,Healthcare,DEBIT,5206.31,Net Banking,SUCCESS
TXN-200736,CUST-1046,2026-03-27,IRCTC,Travel,DEBIT,5665.04,Net Banking,SUCCESS
TXN-200737,CUST-1003,2026-07-27,Decathlon,Shopping,DEBIT,5440.11,Debit Card,SUCCESS
TXN-200738,CUST-1099,2026-01-30,Bookstore,Education,DEBIT,6700.76,Debit Card,SUCCESS
TXN-200739,CUST-1099,2026-06-30,Ola,Travel,DEBIT,3016.79,Credit Card,SUCCESS
TXN-200740,CUST-1077,2026-02-11,YouTube Premium,Entertainment,DEBIT,6812.26,UPI,SUCCESS
TXN-200741,CUST-1053,2026-01-04,Metro,Travel,DEBIT,4529.2,UPI,SUCCESS
TXN-200742,CUST-1011,2026-01-02,Spotify,Entertainment,DEBIT,131.09,Debit Card,SUCCESS
TXN-200743,CUST-1031,2026-07-02,Netflix,Entertainment,DEBIT,289.14,UPI,SUCCESS
TXN-200744,CUST-1043,2026-02-20,Swiggy,Food & Dining,DEBIT,4226.37,Credit Card,SUCCESS
TXN-200745,CUST-1034,2026-07-11,Flipkart,Shopping,DEBIT,534.35,UPI,SUCCESS
TXN-200746,CUST-1080,2026-03-09,Swiggy,Food & Dining,DEBIT,5603.35,Credit Card,SUCCESS
TXN-200747,CUST-1044,2026-08-11,Indane Gas,Bills & Utilities,DEBIT,3985.15,Debit Card,SUCCESS
TXN-200748,CUST-1097,2026-05-24,Spotify,Entertainment,DEBIT,6727.59,Net Banking,SUCCESS
TXN-200749,CUST-1040,2026-07-03,Swiggy,Food & Dining,DEBIT,6435.75,UPI,SUCCESS
TXN-200750,CUST-1091,2026-02-08,Haldiram's,Food & Dining,DEBIT,6451.69,Debit Card,SUCCESS
TXN-200751,CUST-1073,2026-07-31,Water Bill,Bills & Utilities,DEBIT,1191.85,Debit Card,SUCCESS
TXN-200752,CUST-1082,2026-02-25,Haldiram's,Food & Dining,DEBIT,2003.29,Credit Card,SUCCESS
TXN-200753,CUST-1093,2026-05-14,Uber,Travel,DEBIT,344.15,UPI,SUCCESS
TXN-200754,CUST-1092,2026-03-16,Blinkit,Food & Dining,DEBIT,3688.5,Debit Card,SUCCESS
TXN-200755,CUST-1085,2026-02-22,Bookstore,Education,DEBIT,1136.7,UPI,SUCCESS
TXN-200756,CUST-1091,2026-07-17,Decathlon,Shopping,DEBIT,5481.48,Credit Card,SUCCESS
TXN-200757,CUST-1008,2026-05-14,Indane Gas,Bills & Utilities,DEBIT,2592.46,Credit Card,SUCCESS
TXN-200758,CUST-1023,2026-05-12,Blinkit,Food & Dining,DEBIT,7030.52,Net Banking,SUCCESS
TXN-200759,CUST-1065,2026-03-24,Blinkit,Food & Dining,DEBIT,4218.22,Credit Card,SUCCESS
TXN-200760,CUST-1100,2026-05-02,Uber,Travel,DEBIT,939.1,UPI,SUCCESS
TXN-200761,CUST-1033,2026-04-22,Decathlon,Shopping,DEBIT,4157.09,Net Banking,SUCCESS
TXN-200762,CUST-1054,2026-05-03,Bookstore,Education,DEBIT,4326.35,Credit Card,SUCCESS
TXN-200763,CUST-1012,2026-01-27,Electricity Board,Bills & Utilities,DEBIT,1151.1,Debit Card,SUCCESS
TXN-200764,CUST-1039,2026-06-25,Metro,Travel,DEBIT,641.47,Credit Card,SUCCESS
TXN-200765,CUST-1090,2026-01-22,Swiggy,Food & Dining,DEBIT,5755.4,UPI,SUCCESS
TXN-200766,CUST-1068,2026-07-16,Airtel,Bills & Utilities,DEBIT,5631.24,Credit Card,SUCCESS
TXN-200767,CUST-1053,2026-05-17,Ola,Travel,DEBIT,1993.27,Net Banking,SUCCESS
TXN-200768,CUST-1047,2026-04-20,Airtel,Bills & Utilities,DEBIT,7139.81,Net Banking,PENDING
TXN-200769,CUST-1095,2026-01-30,Blinkit,Food & Dining,DEBIT,7243.61,Net Banking,SUCCESS
TXN-200770,CUST-1037,2026-02-17,MakeMyTrip,Travel,DEBIT,3206.29,Debit Card,SUCCESS
TXN-200771,CUST-1118,2026-02-03,Water Bill,Bills & Utilities,DEBIT,945.3,Credit Card,SUCCESS
TXN-200772,CUST-1061,2026-01-08,Blinkit,Food & Dining,DEBIT,1273.33,Credit Card,SUCCESS
TXN-200773,CUST-1044,2026-07-06,Jio,Bills & Utilities,DEBIT,5311.25,UPI,SUCCESS
TXN-200774,CUST-1045,2026-08-09,Swiggy,Food & Dining,DEBIT,6320.91,Credit Card,SUCCESS
TXN-200775,CUST-1042,2026-01-10,Coursera,Education,DEBIT,6803.1,Credit Card,SUCCESS
TXN-200776,CUST-1046,2026-03-19,Ajio,Shopping,DEBIT,3088.12,UPI,SUCCESS
TXN-200777,CUST-1053,2026-01-04,1mg,Healthcare,DEBIT,6553.99,UPI,PENDING
TXN-200778,CUST-1020,2026-07-06,Domino's,Food & Dining,DEBIT,2100.42,Credit Card,SUCCESS
TXN-200779,CUST-1031,2026-08-03,Croma,Shopping,DEBIT,5734.7,UPI,SUCCESS
TXN-200780,CUST-1041,2026-08-05,Zomato,Food & Dining,DEBIT,6871.69,UPI,SUCCESS
TXN-200781,CUST-1059,2026-08-04,IRCTC,Travel,DEBIT,3814.73,Net Banking,SUCCESS
TXN-200782,CUST-1094,2026-08-11,BookMyShow,Entertainment,DEBIT,2951.13,UPI,SUCCESS
TXN-200783,CUST-1116,2026-03-25,Apollo Pharmacy,Healthcare,DEBIT,1894.05,UPI,SUCCESS
TXN-200784,CUST-1026,2026-05-08,Water Bill,Bills & Utilities,DEBIT,5156.59,Credit Card,SUCCESS
TXN-200785,CUST-1081,2026-04-07,Croma,Shopping,DEBIT,3816.74,Credit Card,SUCCESS
TXN-200786,CUST-1046,2026-03-21,Indane Gas,Bills & Utilities,DEBIT,7324.85,UPI,SUCCESS
TXN-200787,CUST-1086,2026-04-17,Zomato,Food & Dining,DEBIT,1742.68,Credit Card,SUCCESS
TXN-200788,CUST-1016,2026-06-18,Indane Gas,Bills & Utilities,DEBIT,375.59,Net Banking,SUCCESS
TXN-200789,CUST-1012,2026-02-03,Myntra,Shopping,DEBIT,4237.07,Credit Card,SUCCESS
TXN-200790,CUST-1103,2026-07-23,Airtel,Bills & Utilities,DEBIT,1830.16,Net Banking,SUCCESS
TXN-200791,CUST-1120,2026-06-13,Water Bill,Bills & Utilities,DEBIT,1693.62,Credit Card,PENDING
TXN-200792,CUST-1024,2026-05-12,Water Bill,Bills & Utilities,DEBIT,4420.26,UPI,SUCCESS
TXN-200793,CUST-1049,2026-02-06,Rapido,Travel,DEBIT,7210.16,Debit Card,SUCCESS
TXN-200794,CUST-1098,2026-06-16,Uber,Travel,DEBIT,6960.92,Credit Card,SUCCESS
TXN-200795,CUST-1003,2026-01-15,Starbucks,Food & Dining,DEBIT,6824.19,Debit Card,SUCCESS
TXN-200796,CUST-1019,2026-02-09,Ola,Travel,DEBIT,5085.46,UPI,SUCCESS
TXN-200797,CUST-1078,2026-06-04,Electricity Board,Bills & Utilities,DEBIT,1946.87,Debit Card,SUCCESS
TXN-200798,CUST-1100,2026-04-30,Swiggy,Food & Dining,DEBIT,6441.22,Debit Card,SUCCESS
TXN-200799,CUST-1030,2026-03-02,Rapido,Travel,DEBIT,6593.13,Debit Card,SUCCESS
TXN-200800,CUST-1075,2026-08-12,Blinkit,Food & Dining,DEBIT,5794.25,Net Banking,SUCCESS
TXN-200801,CUST-1108,2026-07-01,Haldiram's,Food & Dining,DEBIT,7408.26,UPI,SUCCESS
TXN-200802,CUST-1012,2026-01-01,Amazon,Shopping,DEBIT,7191.7,Net Banking,SUCCESS
TXN-200803,CUST-1028,2026-04-28,Starbucks,Food & Dining,DEBIT,2754.77,Debit Card,PENDING
TXN-200804,CUST-1053,2026-02-28,Domino's,Food & Dining,DEBIT,4983.86,Credit Card,SUCCESS
TXN-200805,CUST-1011,2026-06-12,Zomato,Food & Dining,DEBIT,1625.67,Credit Card,SUCCESS
TXN-200806,CUST-1062,2026-03-17,Haldiram's,Food & Dining,DEBIT,6172.73,Net Banking,SUCCESS
TXN-200807,CUST-1026,2026-03-12,Ajio,Shopping,DEBIT,4776.54,Debit Card,SUCCESS
TXN-200808,CUST-1090,2026-03-01,Haldiram's,Food & Dining,DEBIT,7739.25,Net Banking,SUCCESS
TXN-200809,CUST-1046,2026-07-07,Decathlon,Shopping,DEBIT,5556.54,Net Banking,SUCCESS
TXN-200810,CUST-1074,2026-04-30,Apollo Pharmacy,Healthcare,DEBIT,428.97,Net Banking,SUCCESS
TXN-200811,CUST-1087,2026-06-11,Water Bill,Bills & Utilities,DEBIT,7621.35,Credit Card,SUCCESS
TXN-200812,CUST-1095,2026-06-17,Airtel,Bills & Utilities,DEBIT,7599.51,Debit Card,SUCCESS
TXN-200813,CUST-1102,2026-06-23,BookMyShow,Entertainment,DEBIT,4761.2,Debit Card,SUCCESS
TXN-200814,CUST-1052,2026-02-10,Metro,Travel,DEBIT,1541.06,UPI,SUCCESS
TXN-200815,CUST-1079,2026-07-24,Bookstore,Education,DEBIT,6471.77,Net Banking,SUCCESS
TXN-200816,CUST-1003,2026-04-04,IRCTC,Travel,DEBIT,4437.03,Credit Card,SUCCESS
TXN-200817,CUST-1033,2026-05-03,Haldiram's,Food & Dining,DEBIT,4916.76,Credit Card,SUCCESS
TXN-200818,CUST-1047,2026-07-24,Decathlon,Shopping,DEBIT,4357.65,Credit Card,SUCCESS
TXN-200819,CUST-1021,2026-03-15,YouTube Premium,Entertainment,DEBIT,271.9,Debit Card,SUCCESS
TXN-200820,CUST-1019,2026-07-08,BookMyShow,Entertainment,DEBIT,1901.1,UPI,SUCCESS
TXN-200821,CUST-1093,2026-02-01,Airtel,Bills & Utilities,DEBIT,7580.84,UPI,SUCCESS
TXN-200822,CUST-1025,2026-02-08,Amazon,Shopping,DEBIT,6009.59,Net Banking,SUCCESS
TXN-200823,CUST-1097,2026-06-11,1mg,Healthcare,DEBIT,4816.24,Credit Card,SUCCESS
TXN-200824,CUST-1005,2026-01-15,Swiggy,Food & Dining,DEBIT,2689.71,Debit Card,SUCCESS
TXN-200825,CUST-1026,2026-02-11,Starbucks,Food & Dining,DEBIT,2927.56,Debit Card,SUCCESS
TXN-200826,CUST-1051,2026-08-08,Ajio,Shopping,DEBIT,2101.17,Debit Card,SUCCESS
TXN-200827,CUST-1091,2026-01-07,Coursera,Education,DEBIT,1407.94,Debit Card,SUCCESS
TXN-200828,CUST-1008,2026-06-10,Water Bill,Bills & Utilities,DEBIT,4288.68,UPI,SUCCESS
TXN-200829,CUST-1074,2026-05-21,Netflix,Entertainment,DEBIT,3667.53,UPI,SUCCESS
TXN-200830,CUST-1066,2026-03-28,Jio,Bills & Utilities,DEBIT,6889.37,Debit Card,SUCCESS
TXN-200831,CUST-1089,2026-06-26,Decathlon,Shopping,DEBIT,136.35,UPI,SUCCESS
TXN-200832,CUST-1086,2026-04-03,Myntra,Shopping,DEBIT,4602.06,Net Banking,SUCCESS
TXN-200833,CUST-1119,2026-05-03,Coursera,Education,DEBIT,2599.13,Net Banking,SUCCESS
TXN-200834,CUST-1101,2026-02-24,Netflix,Entertainment,DEBIT,7927.18,Credit Card,SUCCESS
TXN-200835,CUST-1103,2026-07-13,Rapido,Travel,DEBIT,2760.86,Net Banking,SUCCESS
TXN-200836,CUST-1011,2026-08-08,PharmEasy,Healthcare,DEBIT,7448.67,UPI,SUCCESS
TXN-200837,CUST-1054,2026-07-14,Domino's,Food & Dining,DEBIT,4733.53,Net Banking,SUCCESS
TXN-200838,CUST-1100,2026-01-02,Zomato,Food & Dining,DEBIT,912.92,Credit Card,SUCCESS
TXN-200839,CUST-1057,2026-06-05,MedPlus,Healthcare,DEBIT,742.73,Net Banking,SUCCESS
TXN-200840,CUST-1107,2026-01-25,Blinkit,Food & Dining,DEBIT,2464.55,UPI,SUCCESS
TXN-200841,CUST-1027,2026-03-13,YouTube Premium,Entertainment,DEBIT,6174.13,Credit Card,SUCCESS
TXN-200842,CUST-1088,2026-08-10,Decathlon,Shopping,DEBIT,3834.91,UPI,SUCCESS
TXN-200843,CUST-1087,2026-08-03,Domino's,Food & Dining,DEBIT,522.86,Debit Card,SUCCESS
TXN-200844,CUST-1032,2026-08-06,Flipkart,Shopping,DEBIT,6537.95,UPI,SUCCESS
TXN-200845,CUST-1109,2026-01-07,Swiggy,Food & Dining,DEBIT,1801.75,Net Banking,SUCCESS
TXN-200846,CUST-1044,2026-01-21,Indane Gas,Bills & Utilities,DEBIT,1563.9,Debit Card,SUCCESS
TXN-200847,CUST-1024,2026-07-14,Starbucks,Food & Dining,DEBIT,2156.19,Debit Card,SUCCESS
TXN-200848,CUST-1101,2026-02-27,Myntra,Shopping,DEBIT,2076.46,UPI,SUCCESS
TXN-200849,CUST-1099,2026-06-06,Amazon,Shopping,DEBIT,5083.45,Net Banking,SUCCESS
TXN-200850,CUST-1104,2026-04-17,MedPlus,Healthcare,DEBIT,5487.76,Net Banking,SUCCESS
TXN-200851,CUST-1068,2026-04-29,Myntra,Shopping,DEBIT,7393.53,Debit Card,SUCCESS
TXN-200852,CUST-1052,2026-01-31,Ola,Travel,DEBIT,7327.97,Net Banking,SUCCESS
TXN-200853,CUST-1013,2026-03-10,Rapido,Travel,DEBIT,4030.13,Credit Card,SUCCESS
TXN-200854,CUST-1049,2026-08-15,Swiggy,Food & Dining,DEBIT,7855.07,Debit Card,SUCCESS
TXN-200855,CUST-1050,2026-03-14,Coursera,Education,DEBIT,2579.46,UPI,SUCCESS
TXN-200856,CUST-1037,2026-04-28,Haldiram's,Food & Dining,DEBIT,5072.89,Credit Card,SUCCESS
TXN-200857,CUST-1111,2026-06-12,Blinkit,Food & Dining,DEBIT,5392.11,Credit Card,SUCCESS
TXN-200858,CUST-1091,2026-02-18,Myntra,Shopping,DEBIT,5703.42,UPI,SUCCESS
TXN-200859,CUST-1027,2026-02-23,Rapido,Travel,DEBIT,4108.96,UPI,SUCCESS
TXN-200860,CUST-1088,2026-03-02,Electricity Board,Bills & Utilities,DEBIT,7420.7,Debit Card,SUCCESS
TXN-200861,CUST-1035,2026-07-02,Airtel,Bills & Utilities,DEBIT,7801.87,UPI,SUCCESS
TXN-200862,CUST-1089,2026-03-22,Apollo Pharmacy,Healthcare,DEBIT,4169.88,Credit Card,SUCCESS
TXN-200863,CUST-1024,2026-05-31,Uber,Travel,DEBIT,4627.42,Debit Card,SUCCESS
TXN-200864,CUST-1120,2026-02-27,Swiggy,Food & Dining,DEBIT,2212.87,Credit Card,SUCCESS
TXN-200865,CUST-1090,2026-04-09,Amazon,Shopping,DEBIT,631.52,Net Banking,SUCCESS
TXN-200866,CUST-1066,2026-07-11,1mg,Healthcare,DEBIT,3479.74,UPI,SUCCESS
TXN-200867,CUST-1080,2026-01-14,Training Institute,Education,DEBIT,1372.89,Credit Card,SUCCESS
TXN-200868,CUST-1048,2026-04-02,MedPlus,Healthcare,DEBIT,4393.84,Debit Card,SUCCESS
TXN-200869,CUST-1102,2026-02-08,Swiggy,Food & Dining,DEBIT,1364.28,UPI,SUCCESS
TXN-200870,CUST-1097,2026-04-16,Amazon,Shopping,DEBIT,5846.87,Debit Card,SUCCESS
TXN-200871,CUST-1001,2026-03-02,1mg,Healthcare,DEBIT,7173.3,Credit Card,SUCCESS
TXN-200872,CUST-1076,2026-01-24,YouTube Premium,Entertainment,DEBIT,3491.91,Net Banking,SUCCESS
TXN-200873,CUST-1107,2026-02-26,Udemy,Education,DEBIT,3675.74,Debit Card,SUCCESS
TXN-200874,CUST-1026,2026-06-04,Apollo Pharmacy,Healthcare,DEBIT,2152.42,Credit Card,SUCCESS
TXN-200875,CUST-1055,2026-03-28,Electricity Board,Bills & Utilities,DEBIT,686.09,Net Banking,SUCCESS
TXN-200876,CUST-1056,2026-02-09,Domino's,Food & Dining,DEBIT,7458.97,UPI,SUCCESS
TXN-200877,CUST-1076,2026-04-20,Apollo Pharmacy,Healthcare,DEBIT,4032.32,Debit Card,SUCCESS
TXN-200878,CUST-1065,2026-07-22,Swiggy,Food & Dining,DEBIT,2749.22,UPI,SUCCESS
TXN-200879,CUST-1066,2026-07-11,Water Bill,Bills & Utilities,DEBIT,1427.94,Debit Card,SUCCESS
TXN-200880,CUST-1031,2026-06-19,Ajio,Shopping,DEBIT,128.2,Debit Card,SUCCESS
TXN-200881,CUST-1012,2026-01-26,Starbucks,Food & Dining,DEBIT,5530.75,Credit Card,SUCCESS
TXN-200882,CUST-1043,2026-03-10,Jio,Bills & Utilities,DEBIT,399.42,Net Banking,SUCCESS
TXN-200883,CUST-1011,2026-04-21,Swiggy,Food & Dining,DEBIT,549.13,Debit Card,PENDING
TXN-200884,CUST-1065,2026-06-10,Blinkit,Food & Dining,DEBIT,3958.7,Debit Card,SUCCESS
TXN-200885,CUST-1058,2026-05-07,IRCTC,Travel,DEBIT,601.35,Net Banking,SUCCESS
TXN-200886,CUST-1017,2026-01-18,Decathlon,Shopping,DEBIT,5517.13,Debit Card,SUCCESS
TXN-200887,CUST-1092,2026-07-04,Swiggy,Food & Dining,DEBIT,991.8,Credit Card,SUCCESS
TXN-200888,CUST-1093,2026-02-26,IRCTC,Travel,DEBIT,2849.0,Credit Card,SUCCESS
TXN-200889,CUST-1057,2026-07-31,Haldiram's,Food & Dining,DEBIT,1519.24,Debit Card,SUCCESS
TXN-200890,CUST-1031,2026-07-05,Decathlon,Shopping,DEBIT,7267.29,Credit Card,SUCCESS
TXN-200891,CUST-1012,2026-01-30,Spotify,Entertainment,DEBIT,128.62,UPI,SUCCESS
TXN-200892,CUST-1076,2026-01-22,MedPlus,Healthcare,DEBIT,6789.19,Net Banking,SUCCESS
TXN-200893,CUST-1108,2026-06-14,Spotify,Entertainment,DEBIT,2558.15,Debit Card,SUCCESS
TXN-200894,CUST-1046,2026-03-28,Starbucks,Food & Dining,DEBIT,4516.87,Debit Card,SUCCESS
TXN-200895,CUST-1065,2026-06-18,Uber,Travel,DEBIT,3408.37,Debit Card,SUCCESS
TXN-200896,CUST-1099,2026-03-17,Blinkit,Food & Dining,DEBIT,5659.07,Credit Card,SUCCESS
TXN-200897,CUST-1112,2026-03-05,Indane Gas,Bills & Utilities,DEBIT,4386.03,Credit Card,SUCCESS
TXN-200898,CUST-1105,2026-08-01,Electricity Board,Bills & Utilities,DEBIT,3912.35,Debit Card,SUCCESS
TXN-200899,CUST-1040,2026-08-09,Ajio,Shopping,DEBIT,2939.75,Credit Card,SUCCESS
TXN-200900,CUST-1101,2026-02-23,YouTube Premium,Entertainment,DEBIT,5271.27,Credit Card,SUCCESS
TXN-200901,CUST-1071,2026-06-27,Swiggy,Food & Dining,DEBIT,2799.95,Net Banking,SUCCESS
TXN-200902,CUST-1086,2026-06-05,IRCTC,Travel,DEBIT,6454.85,Debit Card,SUCCESS
TXN-200903,CUST-1102,2026-05-01,Blinkit,Food & Dining,DEBIT,5923.16,Net Banking,SUCCESS
TXN-200904,CUST-1063,2026-02-20,Swiggy,Food & Dining,DEBIT,5725.27,Credit Card,SUCCESS
TXN-200905,CUST-1037,2026-08-11,Training Institute,Education,DEBIT,1327.55,Debit Card,PENDING
TXN-200906,CUST-1046,2026-02-16,Electricity Board,Bills & Utilities,DEBIT,579.27,Debit Card,SUCCESS
TXN-200907,CUST-1007,2026-08-07,Haldiram's,Food & Dining,DEBIT,3449.87,Debit Card,SUCCESS
TXN-200908,CUST-1015,2026-04-06,IRCTC,Travel,DEBIT,3572.3,Net Banking,PENDING
TXN-200909,CUST-1051,2026-03-07,Training Institute,Education,DEBIT,1568.21,UPI,SUCCESS
TXN-200910,CUST-1043,2026-01-30,Jio,Bills & Utilities,DEBIT,5468.68,Debit Card,SUCCESS
TXN-200911,CUST-1079,2026-05-29,Jio,Bills & Utilities,DEBIT,2420.97,Debit Card,SUCCESS
TXN-200912,CUST-1030,2026-08-06,PharmEasy,Healthcare,DEBIT,4729.36,Credit Card,SUCCESS
TXN-200913,CUST-1083,2026-05-27,Croma,Shopping,DEBIT,811.06,Net Banking,SUCCESS
TXN-200914,CUST-1054,2026-02-24,Flipkart,Shopping,DEBIT,221.58,Debit Card,SUCCESS
TXN-200915,CUST-1110,2026-04-13,Haldiram's,Food & Dining,DEBIT,2024.22,Debit Card,SUCCESS
TXN-200916,CUST-1071,2026-01-10,IRCTC,Travel,DEBIT,2226.53,Net Banking,SUCCESS
TXN-200917,CUST-1049,2026-01-04,Haldiram's,Food & Dining,DEBIT,1899.86,Debit Card,SUCCESS
TXN-200918,CUST-1050,2026-08-04,Myntra,Shopping,DEBIT,6417.2,UPI,PENDING
TXN-200919,CUST-1057,2026-07-14,Airtel,Bills & Utilities,DEBIT,2554.28,Debit Card,SUCCESS
TXN-200920,CUST-1012,2026-01-18,Zomato,Food & Dining,DEBIT,3014.54,Net Banking,SUCCESS
TXN-200921,CUST-1090,2026-04-27,Flipkart,Shopping,DEBIT,4177.23,Debit Card,SUCCESS
TXN-200922,CUST-1048,2026-05-16,IRCTC,Travel,DEBIT,6903.45,Debit Card,SUCCESS
TXN-200923,CUST-1043,2026-04-10,Croma,Shopping,DEBIT,4957.08,Credit Card,SUCCESS
TXN-200924,CUST-1092,2026-01-22,IRCTC,Travel,DEBIT,6762.53,Credit Card,SUCCESS
TXN-200925,CUST-1018,2026-05-17,Electricity Board,Bills & Utilities,DEBIT,5424.56,UPI,SUCCESS
TXN-200926,CUST-1115,2026-04-17,Domino's,Food & Dining,DEBIT,1855.79,UPI,SUCCESS
TXN-200927,CUST-1069,2026-06-19,Haldiram's,Food & Dining,DEBIT,2949.61,Credit Card,SUCCESS
TXN-200928,CUST-1022,2026-07-22,Electricity Board,Bills & Utilities,DEBIT,6539.05,UPI,SUCCESS
TXN-200929,CUST-1042,2026-02-26,PharmEasy,Healthcare,DEBIT,5438.02,Net Banking,SUCCESS
TXN-200930,CUST-1023,2026-07-25,Swiggy,Food & Dining,DEBIT,5197.4,Debit Card,SUCCESS
TXN-200931,CUST-1090,2026-06-15,Rapido,Travel,DEBIT,6186.25,Credit Card,SUCCESS
TXN-200932,CUST-1062,2026-05-17,Blinkit,Food & Dining,DEBIT,4971.05,Debit Card,SUCCESS
TXN-200933,CUST-1070,2026-03-19,Indane Gas,Bills & Utilities,DEBIT,6321.26,Debit Card,SUCCESS
TXN-200934,CUST-1073,2026-07-10,Spotify,Entertainment,DEBIT,6049.67,Credit Card,SUCCESS
TXN-200935,CUST-1106,2026-05-21,Udemy,Education,DEBIT,5257.3,UPI,SUCCESS
TXN-200936,CUST-1120,2026-06-09,Blinkit,Food & Dining,DEBIT,7779.21,Debit Card,SUCCESS
TXN-200937,CUST-1116,2026-08-05,Starbucks,Food & Dining,DEBIT,284.6,Debit Card,SUCCESS
TXN-200938,CUST-1059,2026-08-01,Spotify,Entertainment,DEBIT,6913.2,Debit Card,SUCCESS
TXN-200939,CUST-1004,2026-06-12,Myntra,Shopping,DEBIT,2758.93,UPI,SUCCESS
TXN-200940,CUST-1016,2026-01-06,Uber,Travel,DEBIT,1361.49,Credit Card,SUCCESS
TXN-200941,CUST-1116,2026-03-18,Apollo Pharmacy,Healthcare,DEBIT,6973.52,Net Banking,SUCCESS
TXN-200942,CUST-1001,2026-03-13,Uber,Travel,DEBIT,5884.1,Debit Card,SUCCESS
TXN-200943,CUST-1079,2026-06-19,Rapido,Travel,DEBIT,6909.64,Debit Card,SUCCESS
TXN-200944,CUST-1101,2026-05-19,Ajio,Shopping,DEBIT,6653.22,Debit Card,SUCCESS
TXN-200945,CUST-1066,2026-07-10,Coursera,Education,DEBIT,1152.32,Credit Card,SUCCESS
TXN-200946,CUST-1057,2026-02-27,Domino's,Food & Dining,DEBIT,3745.83,Credit Card,SUCCESS
TXN-200947,CUST-1099,2026-01-07,Metro,Travel,DEBIT,6395.42,Credit Card,SUCCESS
TXN-200948,CUST-1094,2026-02-10,Decathlon,Shopping,DEBIT,7473.63,Debit Card,SUCCESS
TXN-200949,CUST-1024,2026-02-09,Ajio,Shopping,DEBIT,7767.6,Debit Card,SUCCESS
TXN-200950,CUST-1032,2026-02-20,Electricity Board,Bills & Utilities,DEBIT,4611.58,UPI,SUCCESS
TXN-200951,CUST-1062,2026-03-31,IRCTC,Travel,DEBIT,3077.35,Debit Card,SUCCESS
TXN-200952,CUST-1103,2026-07-26,Domino's,Food & Dining,DEBIT,2106.0,Debit Card,SUCCESS
TXN-200953,CUST-1115,2026-06-03,Ola,Travel,DEBIT,5635.43,Debit Card,SUCCESS
TXN-200954,CUST-1087,2026-08-09,Haldiram's,Food & Dining,DEBIT,6539.92,Net Banking,SUCCESS
TXN-200955,CUST-1025,2026-07-02,Udemy,Education,DEBIT,1333.45,Debit Card,SUCCESS
TXN-200956,CUST-1083,2026-02-08,Ajio,Shopping,DEBIT,3165.13,Debit Card,SUCCESS
TXN-200957,CUST-1025,2026-07-04,Ola,Travel,DEBIT,3852.85,Debit Card,SUCCESS
TXN-200958,CUST-1013,2026-05-09,Amazon,Shopping,DEBIT,7844.44,Debit Card,SUCCESS
TXN-200959,CUST-1073,2026-08-16,Airtel,Bills & Utilities,DEBIT,4349.45,Debit Card,SUCCESS
TXN-200960,CUST-1077,2026-03-20,Ola,Travel,DEBIT,7522.06,Debit Card,SUCCESS
TXN-200961,CUST-1104,2026-04-06,Swiggy,Food & Dining,DEBIT,7849.17,Debit Card,SUCCESS
TXN-200962,CUST-1104,2026-02-09,Blinkit,Food & Dining,DEBIT,6430.18,UPI,SUCCESS
TXN-200963,CUST-1026,2026-08-11,1mg,Healthcare,DEBIT,1726.03,Credit Card,SUCCESS
TXN-200964,CUST-1024,2026-01-23,Domino's,Food & Dining,DEBIT,101.44,Net Banking,SUCCESS
TXN-200965,CUST-1093,2026-03-04,YouTube Premium,Entertainment,DEBIT,1001.24,Debit Card,SUCCESS
TXN-200966,CUST-1014,2026-01-30,Ajio,Shopping,DEBIT,5607.57,UPI,PENDING
TXN-200967,CUST-1041,2026-02-23,Ajio,Shopping,DEBIT,3352.83,Net Banking,SUCCESS
TXN-200968,CUST-1104,2026-04-17,Starbucks,Food & Dining,DEBIT,6009.71,Net Banking,SUCCESS
TXN-200969,CUST-1061,2026-05-16,BookMyShow,Entertainment,DEBIT,1507.5,Net Banking,SUCCESS
TXN-200970,CUST-1085,2026-07-30,Amazon,Shopping,DEBIT,4521.7,Net Banking,SUCCESS
TXN-200971,CUST-1066,2026-03-04,Udemy,Education,DEBIT,730.83,Credit Card,SUCCESS
TXN-200972,CUST-1002,2026-04-21,Bookstore,Education,DEBIT,5053.61,Debit Card,SUCCESS
TXN-200973,CUST-1112,2026-05-01,BookMyShow,Entertainment,DEBIT,3528.86,Debit Card,SUCCESS
TXN-200974,CUST-1085,2026-04-11,Electricity Board,Bills & Utilities,DEBIT,273.0,Net Banking,SUCCESS
TXN-200975,CUST-1044,2026-05-14,Uber,Travel,DEBIT,1112.54,UPI,SUCCESS
TXN-200976,CUST-1102,2026-07-22,Croma,Shopping,DEBIT,5538.61,Debit Card,SUCCESS
TXN-200977,CUST-1120,2026-07-07,Electricity Board,Bills & Utilities,DEBIT,298.74,Credit Card,SUCCESS
TXN-200978,CUST-1065,2026-06-07,Decathlon,Shopping,DEBIT,3377.97,UPI,SUCCESS
TXN-200979,CUST-1057,2026-04-29,Ajio,Shopping,DEBIT,943.09,Debit Card,SUCCESS
TXN-200980,CUST-1083,2026-02-21,Decathlon,Shopping,DEBIT,6677.31,Net Banking,SUCCESS
TXN-200981,CUST-1015,2026-05-23,Starbucks,Food & Dining,DEBIT,433.33,Net Banking,SUCCESS
TXN-200982,CUST-1050,2026-02-21,Starbucks,Food & Dining,DEBIT,2281.75,Debit Card,SUCCESS
TXN-200983,CUST-1035,2026-02-13,Myntra,Shopping,DEBIT,1070.12,UPI,SUCCESS
TXN-200984,CUST-1085,2026-01-09,IRCTC,Travel,DEBIT,7296.26,Net Banking,SUCCESS
TXN-200985,CUST-1103,2026-01-17,Swiggy,Food & Dining,DEBIT,3300.14,UPI,SUCCESS
TXN-200986,CUST-1061,2026-04-04,Swiggy,Food & Dining,DEBIT,224.85,Debit Card,SUCCESS
TXN-200987,CUST-1012,2026-06-13,Starbucks,Food & Dining,DEBIT,1636.39,UPI,SUCCESS
TXN-200988,CUST-1057,2026-07-30,Bookstore,Education,DEBIT,4729.19,Credit Card,SUCCESS
TXN-200989,CUST-1013,2026-01-13,Rapido,Travel,DEBIT,7561.97,Net Banking,SUCCESS
TXN-200990,CUST-1013,2026-01-15,PharmEasy,Healthcare,DEBIT,605.68,Debit Card,SUCCESS
TXN-200991,CUST-1087,2026-07-04,PharmEasy,Healthcare,DEBIT,2386.28,Net Banking,SUCCESS
TXN-200992,CUST-1039,2026-04-27,Rapido,Travel,DEBIT,2271.04,UPI,SUCCESS
TXN-200993,CUST-1030,2026-05-13,IRCTC,Travel,DEBIT,1007.99,Credit Card,SUCCESS
TXN-200994,CUST-1117,2026-04-06,Starbucks,Food & Dining,DEBIT,2263.1,Debit Card,PENDING
TXN-200995,CUST-1105,2026-04-30,Starbucks,Food & Dining,DEBIT,6432.59,Debit Card,PENDING
TXN-200996,CUST-1104,2026-06-15,Starbucks,Food & Dining,DEBIT,220.3,Credit Card,SUCCESS
TXN-200997,CUST-1089,2026-02-14,Croma,Shopping,DEBIT,7443.47,Net Banking,SUCCESS
TXN-200998,CUST-1039,2026-07-02,Airtel,Bills & Utilities,DEBIT,1557.1,Net Banking,SUCCESS
TXN-200999,CUST-1051,2026-02-18,Training Institute,Education,DEBIT,5512.73,Debit Card,SUCCESS
TXN-201000,CUST-1084,2026-06-28,IRCTC,Travel,DEBIT,3278.55,Net Banking,SUCCESS
TXN-201001,CUST-1019,2026-02-18,Croma,Shopping,DEBIT,6241.62,Net Banking,SUCCESS
TXN-201002,CUST-1096,2026-01-21,Swiggy,Food & Dining,DEBIT,5748.28,Debit Card,SUCCESS
TXN-201003,CUST-1115,2026-08-14,YouTube Premium,Entertainment,DEBIT,3854.92,Credit Card,SUCCESS
TXN-201004,CUST-1024,2026-07-24,1mg,Healthcare,DEBIT,1445.37,Debit Card,SUCCESS
TXN-201005,CUST-1044,2026-05-16,Swiggy,Food & Dining,DEBIT,4244.46,Debit Card,SUCCESS
TXN-201006,CUST-1104,2026-02-27,Bookstore,Education,DEBIT,7765.48,Credit Card,SUCCESS
TXN-201007,CUST-1118,2026-03-10,Swiggy,Food & Dining,DEBIT,7598.38,Debit Card,SUCCESS
TXN-201008,CUST-1081,2026-01-04,Ajio,Shopping,DEBIT,6312.24,UPI,SUCCESS
TXN-201009,CUST-1031,2026-02-28,Amazon,Shopping,DEBIT,4789.05,Net Banking,SUCCESS
TXN-201010,CUST-1012,2026-05-29,Jio,Bills & Utilities,DEBIT,3642.42,Debit Card,PENDING
TXN-201011,CUST-1005,2026-04-06,Uber,Travel,DEBIT,6140.44,UPI,SUCCESS
TXN-201012,CUST-1090,2026-05-31,YouTube Premium,Entertainment,DEBIT,4443.31,Net Banking,SUCCESS
TXN-201013,CUST-1045,2026-05-19,Ajio,Shopping,DEBIT,1369.86,UPI,SUCCESS
TXN-201014,CUST-1085,2026-05-27,BookMyShow,Entertainment,DEBIT,4833.57,Debit Card,SUCCESS
TXN-201015,CUST-1007,2026-05-26,Indane Gas,Bills & Utilities,DEBIT,3031.72,UPI,SUCCESS
TXN-201016,CUST-1120,2026-03-07,Electricity Board,Bills & Utilities,DEBIT,5333.82,Net Banking,SUCCESS
TXN-201017,CUST-1060,2026-04-25,Croma,Shopping,DEBIT,2609.88,UPI,SUCCESS
TXN-201018,CUST-1032,2026-02-14,Spotify,Entertainment,DEBIT,1755.14,Debit Card,SUCCESS
TXN-201019,CUST-1043,2026-03-27,Blinkit,Food & Dining,DEBIT,3620.43,UPI,SUCCESS
TXN-201020,CUST-1008,2026-02-14,Spotify,Entertainment,DEBIT,3623.58,UPI,SUCCESS
TXN-201021,CUST-1096,2026-01-05,PharmEasy,Healthcare,DEBIT,4083.07,UPI,SUCCESS
TXN-201022,CUST-1007,2026-08-06,Starbucks,Food & Dining,DEBIT,3345.93,Credit Card,SUCCESS
TXN-201023,CUST-1008,2026-05-06,Decathlon,Shopping,DEBIT,7069.3,UPI,SUCCESS
TXN-201024,CUST-1056,2026-06-05,Spotify,Entertainment,DEBIT,1849.96,UPI,SUCCESS
TXN-201025,CUST-1055,2026-08-04,Haldiram's,Food & Dining,DEBIT,5611.94,Credit Card,SUCCESS
TXN-201026,CUST-1041,2026-05-30,Amazon,Shopping,DEBIT,7673.52,Credit Card,SUCCESS
TXN-201027,CUST-1068,2026-01-17,MakeMyTrip,Travel,DEBIT,918.99,UPI,SUCCESS
TXN-201028,CUST-1056,2026-01-27,Rapido,Travel,DEBIT,4825.6,UPI,SUCCESS
TXN-201029,CUST-1109,2026-05-01,MedPlus,Healthcare,DEBIT,461.55,Net Banking,SUCCESS
TXN-201030,CUST-1001,2026-03-12,Water Bill,Bills & Utilities,DEBIT,7171.53,Debit Card,SUCCESS
TXN-201031,CUST-1038,2026-04-30,Decathlon,Shopping,DEBIT,6113.81,UPI,SUCCESS
TXN-201032,CUST-1106,2026-05-20,Starbucks,Food & Dining,DEBIT,3256.15,UPI,SUCCESS
TXN-201033,CUST-1094,2026-08-14,Rapido,Travel,DEBIT,7752.95,Net Banking,SUCCESS
TXN-201034,CUST-1038,2026-05-17,Blinkit,Food & Dining,DEBIT,209.98,Credit Card,SUCCESS
TXN-201035,CUST-1102,2026-06-29,Zomato,Food & Dining,DEBIT,344.02,Debit Card,SUCCESS
TXN-201036,CUST-1108,2026-03-02,Jio,Bills & Utilities,DEBIT,5990.53,Credit Card,SUCCESS
TXN-201037,CUST-1100,2026-02-06,Udemy,Education,DEBIT,2052.9,Net Banking,SUCCESS
TXN-201038,CUST-1023,2026-02-09,BookMyShow,Entertainment,DEBIT,7490.45,UPI,SUCCESS
TXN-201039,CUST-1120,2026-07-23,Uber,Travel,DEBIT,1389.05,UPI,SUCCESS
TXN-201040,CUST-1096,2026-05-21,Airtel,Bills & Utilities,DEBIT,2678.65,UPI,SUCCESS
TXN-201041,CUST-1070,2026-02-04,Udemy,Education,DEBIT,4685.24,UPI,SUCCESS
TXN-201042,CUST-1019,2026-04-28,MakeMyTrip,Travel,DEBIT,6581.57,UPI,SUCCESS
TXN-201043,CUST-1030,2026-02-09,Netflix,Entertainment,DEBIT,528.53,Credit Card,SUCCESS
TXN-201044,CUST-1057,2026-07-16,Blinkit,Food & Dining,DEBIT,4221.14,Credit Card,PENDING
TXN-201045,CUST-1041,2026-02-03,PharmEasy,Healthcare,DEBIT,5506.49,Net Banking,SUCCESS
TXN-201046,CUST-1024,2026-03-06,Ola,Travel,DEBIT,4955.76,Credit Card,SUCCESS
TXN-201047,CUST-1003,2026-03-04,Airtel,Bills & Utilities,DEBIT,1693.38,Credit Card,SUCCESS
TXN-201048,CUST-1095,2026-03-20,Flipkart,Shopping,DEBIT,7368.25,Net Banking,SUCCESS
TXN-201049,CUST-1014,2026-05-19,Swiggy,Food & Dining,DEBIT,2857.13,Debit Card,SUCCESS
TXN-201050,CUST-1001,2026-01-19,Udemy,Education,DEBIT,7280.18,Net Banking,SUCCESS
TXN-201051,CUST-1007,2026-03-05,Ajio,Shopping,DEBIT,5044.39,UPI,SUCCESS
TXN-201052,CUST-1076,2026-03-29,Haldiram's,Food & Dining,DEBIT,5742.46,Net Banking,SUCCESS
TXN-201053,CUST-1113,2026-06-29,YouTube Premium,Entertainment,DEBIT,629.36,Net Banking,SUCCESS
TXN-201054,CUST-1056,2026-07-09,Domino's,Food & Dining,DEBIT,3610.28,Debit Card,SUCCESS
TXN-201055,CUST-1039,2026-06-13,YouTube Premium,Entertainment,DEBIT,5017.8,UPI,SUCCESS
TXN-201056,CUST-1057,2026-04-26,Haldiram's,Food & Dining,DEBIT,2125.58,Credit Card,SUCCESS
TXN-201057,CUST-1099,2026-03-01,Metro,Travel,DEBIT,1336.7,Net Banking,SUCCESS
TXN-201058,CUST-1049,2026-01-02,Flipkart,Shopping,DEBIT,3071.22,UPI,SUCCESS
TXN-201059,CUST-1119,2026-07-05,Water Bill,Bills & Utilities,DEBIT,5314.58,Credit Card,SUCCESS
TXN-201060,CUST-1058,2026-02-02,Ajio,Shopping,DEBIT,2373.13,Net Banking,SUCCESS
TXN-201061,CUST-1118,2026-06-09,Domino's,Food & Dining,DEBIT,5158.16,UPI,SUCCESS
TXN-201062,CUST-1109,2026-07-24,Starbucks,Food & Dining,DEBIT,6573.92,Credit Card,SUCCESS
TXN-201063,CUST-1097,2026-08-12,Swiggy,Food & Dining,DEBIT,3800.73,Net Banking,SUCCESS
TXN-201064,CUST-1094,2026-06-28,Netflix,Entertainment,DEBIT,803.12,Debit Card,SUCCESS
TXN-201065,CUST-1074,2026-02-21,Decathlon,Shopping,DEBIT,7133.16,Net Banking,SUCCESS
TXN-201066,CUST-1029,2026-04-04,Amazon,Shopping,DEBIT,2537.2,UPI,SUCCESS
TXN-201067,CUST-1120,2026-04-25,Water Bill,Bills & Utilities,DEBIT,5323.13,Net Banking,SUCCESS
TXN-201068,CUST-1076,2026-03-03,Training Institute,Education,DEBIT,2703.07,Net Banking,SUCCESS
TXN-201069,CUST-1005,2026-05-07,Water Bill,Bills & Utilities,DEBIT,4548.3,Debit Card,SUCCESS
TXN-201070,CUST-1045,2026-07-28,Domino's,Food & Dining,DEBIT,6281.54,Debit Card,SUCCESS
TXN-201071,CUST-1116,2026-07-19,Croma,Shopping,DEBIT,3333.77,UPI,SUCCESS
TXN-201072,CUST-1027,2026-01-17,Blinkit,Food & Dining,DEBIT,829.99,Debit Card,SUCCESS
TXN-201073,CUST-1047,2026-07-29,Airtel,Bills & Utilities,DEBIT,1218.84,Credit Card,SUCCESS
TXN-201074,CUST-1011,2026-02-27,Haldiram's,Food & Dining,DEBIT,2666.84,Net Banking,SUCCESS
TXN-201075,CUST-1030,2026-03-13,Flipkart,Shopping,DEBIT,1568.85,Debit Card,SUCCESS
TXN-201076,CUST-1092,2026-07-15,Flipkart,Shopping,DEBIT,6096.53,Debit Card,SUCCESS
TXN-201077,CUST-1098,2026-06-17,Netflix,Entertainment,DEBIT,1606.07,Credit Card,SUCCESS
TXN-201078,CUST-1104,2026-05-17,Swiggy,Food & Dining,DEBIT,4483.82,Net Banking,SUCCESS
TXN-201079,CUST-1002,2026-08-04,Ajio,Shopping,DEBIT,5555.83,Net Banking,SUCCESS
TXN-201080,CUST-1064,2026-07-04,Myntra,Shopping,DEBIT,4624.41,Debit Card,SUCCESS
TXN-201081,CUST-1072,2026-07-05,MakeMyTrip,Travel,DEBIT,4626.92,Net Banking,SUCCESS
TXN-201082,CUST-1113,2026-08-10,Swiggy,Food & Dining,DEBIT,4754.66,Net Banking,SUCCESS
TXN-201083,CUST-1027,2026-06-15,Ajio,Shopping,DEBIT,6294.19,Debit Card,SUCCESS
TXN-201084,CUST-1114,2026-01-10,Myntra,Shopping,DEBIT,2676.86,UPI,SUCCESS
TXN-201085,CUST-1098,2026-03-16,Jio,Bills & Utilities,DEBIT,5127.92,Net Banking,SUCCESS
TXN-201086,CUST-1027,2026-06-09,Electricity Board,Bills & Utilities,DEBIT,4327.59,Debit Card,SUCCESS
TXN-201087,CUST-1051,2026-02-20,Bookstore,Education,DEBIT,277.26,Credit Card,SUCCESS
TXN-201088,CUST-1019,2026-07-06,Zomato,Food & Dining,DEBIT,3370.07,Credit Card,SUCCESS
TXN-201089,CUST-1013,2026-07-12,IRCTC,Travel,DEBIT,2088.66,Net Banking,SUCCESS
TXN-201090,CUST-1115,2026-08-15,Flipkart,Shopping,DEBIT,6142.51,Credit Card,SUCCESS
TXN-201091,CUST-1043,2026-07-06,Zomato,Food & Dining,DEBIT,2636.1,Debit Card,SUCCESS
TXN-201092,CUST-1004,2026-03-09,MedPlus,Healthcare,DEBIT,2327.21,Credit Card,SUCCESS
TXN-201093,CUST-1048,2026-04-04,Domino's,Food & Dining,DEBIT,1044.5,Debit Card,SUCCESS
TXN-201094,CUST-1058,2026-01-23,MakeMyTrip,Travel,DEBIT,2509.71,UPI,SUCCESS
TXN-201095,CUST-1072,2026-06-09,Spotify,Entertainment,DEBIT,3856.89,Credit Card,SUCCESS
TXN-201096,CUST-1078,2026-03-04,Apollo Pharmacy,Healthcare,DEBIT,1960.63,Debit Card,SUCCESS
TXN-201097,CUST-1068,2026-01-09,Zomato,Food & Dining,DEBIT,1132.86,Net Banking,SUCCESS
TXN-201098,CUST-1008,2026-05-08,Myntra,Shopping,DEBIT,5354.44,Debit Card,SUCCESS
TXN-201099,CUST-1092,2026-05-02,Domino's,Food & Dining,DEBIT,425.35,Credit Card,SUCCESS
TXN-201100,CUST-1068,2026-05-05,Zomato,Food & Dining,DEBIT,7633.96,UPI,SUCCESS
TXN-201101,CUST-1017,2026-02-08,MedPlus,Healthcare,DEBIT,1817.97,Credit Card,SUCCESS
TXN-201102,CUST-1051,2026-05-03,Myntra,Shopping,DEBIT,7664.6,Credit Card,SUCCESS
TXN-201103,CUST-1026,2026-05-06,1mg,Healthcare,DEBIT,4411.77,UPI,SUCCESS
TXN-201104,CUST-1096,2026-04-28,Spotify,Entertainment,DEBIT,4846.18,UPI,SUCCESS
TXN-201105,CUST-1101,2026-02-08,Starbucks,Food & Dining,DEBIT,5813.52,Credit Card,SUCCESS
TXN-201106,CUST-1097,2026-01-21,Croma,Shopping,DEBIT,442.51,Net Banking,SUCCESS
TXN-201107,CUST-1104,2026-04-29,Flipkart,Shopping,DEBIT,2479.11,UPI,SUCCESS
TXN-201108,CUST-1110,2026-02-15,Domino's,Food & Dining,DEBIT,5450.71,Net Banking,SUCCESS
TXN-201109,CUST-1086,2026-07-06,Udemy,Education,DEBIT,4275.34,UPI,SUCCESS
TXN-201110,CUST-1063,2026-01-05,MakeMyTrip,Travel,DEBIT,7535.16,Credit Card,SUCCESS
TXN-201111,CUST-1073,2026-01-08,Flipkart,Shopping,DEBIT,4272.8,Credit Card,SUCCESS
TXN-201112,CUST-1027,2026-02-23,Jio,Bills & Utilities,DEBIT,1257.32,Credit Card,SUCCESS
TXN-201113,CUST-1115,2026-04-16,Amazon,Shopping,DEBIT,3534.49,UPI,SUCCESS
TXN-201114,CUST-1075,2026-01-27,Metro,Travel,DEBIT,6995.78,Net Banking,SUCCESS
TXN-201115,CUST-1023,2026-05-07,Spotify,Entertainment,DEBIT,6242.48,Net Banking,SUCCESS
TXN-201116,CUST-1120,2026-02-03,MakeMyTrip,Travel,DEBIT,2296.28,UPI,SUCCESS
TXN-201117,CUST-1047,2026-04-28,Apollo Pharmacy,Healthcare,DEBIT,7131.3,Debit Card,PENDING
TXN-201118,CUST-1012,2026-02-25,Domino's,Food & Dining,DEBIT,1927.5,Debit Card,SUCCESS
TXN-201119,CUST-1012,2026-04-18,Haldiram's,Food & Dining,DEBIT,3926.43,Debit Card,SUCCESS
TXN-201120,CUST-1082,2026-03-19,Jio,Bills & Utilities,DEBIT,1231.59,Net Banking,SUCCESS
TXN-201121,CUST-1072,2026-02-12,Zomato,Food & Dining,DEBIT,6455.98,UPI,SUCCESS
TXN-201122,CUST-1093,2026-04-23,Blinkit,Food & Dining,DEBIT,5988.97,Debit Card,SUCCESS
TXN-201123,CUST-1035,2026-06-15,Starbucks,Food & Dining,DEBIT,156.93,Net Banking,SUCCESS
TXN-201124,CUST-1081,2026-02-03,Ajio,Shopping,DEBIT,628.83,Debit Card,SUCCESS
TXN-201125,CUST-1019,2026-04-03,MakeMyTrip,Travel,DEBIT,2163.74,Credit Card,PENDING
TXN-201126,CUST-1042,2026-01-24,Decathlon,Shopping,DEBIT,1001.04,Net Banking,SUCCESS
TXN-201127,CUST-1005,2026-06-01,Zomato,Food & Dining,DEBIT,4565.46,Debit Card,SUCCESS
TXN-201128,CUST-1060,2026-07-01,Decathlon,Shopping,DEBIT,2658.29,UPI,SUCCESS
TXN-201129,CUST-1031,2026-03-02,YouTube Premium,Entertainment,DEBIT,2113.1,Net Banking,SUCCESS
TXN-201130,CUST-1103,2026-01-30,Domino's,Food & Dining,DEBIT,1003.51,Net Banking,SUCCESS
TXN-201131,CUST-1028,2026-01-16,Amazon,Shopping,DEBIT,5824.0,Net Banking,SUCCESS
TXN-201132,CUST-1120,2026-05-02,Spotify,Entertainment,DEBIT,887.51,UPI,SUCCESS
TXN-201133,CUST-1092,2026-03-05,Metro,Travel,DEBIT,7996.03,Debit Card,SUCCESS
TXN-201134,CUST-1042,2026-02-25,Uber,Travel,DEBIT,3572.83,Debit Card,SUCCESS
TXN-201135,CUST-1094,2026-05-13,Amazon,Shopping,DEBIT,2686.94,UPI,SUCCESS
TXN-201136,CUST-1023,2026-04-16,Bookstore,Education,DEBIT,6759.76,Net Banking,SUCCESS
TXN-201137,CUST-1111,2026-05-24,Domino's,Food & Dining,DEBIT,4332.87,Debit Card,SUCCESS
TXN-201138,CUST-1117,2026-05-12,Starbucks,Food & Dining,DEBIT,5502.26,Net Banking,SUCCESS
TXN-201139,CUST-1090,2026-02-09,Ajio,Shopping,DEBIT,1780.31,Debit Card,SUCCESS
TXN-201140,CUST-1028,2026-04-24,Blinkit,Food & Dining,DEBIT,2724.74,Net Banking,SUCCESS
TXN-201141,CUST-1061,2026-03-20,Ajio,Shopping,DEBIT,1322.67,Credit Card,SUCCESS
TXN-201142,CUST-1083,2026-04-19,BookMyShow,Entertainment,DEBIT,1492.82,Credit Card,SUCCESS
TXN-201143,CUST-1106,2026-04-08,Coursera,Education,DEBIT,1115.38,Credit Card,PENDING
TXN-201144,CUST-1068,2026-07-29,Croma,Shopping,DEBIT,1734.28,Debit Card,SUCCESS
TXN-201145,CUST-1034,2026-06-24,Airtel,Bills & Utilities,DEBIT,5421.97,Net Banking,SUCCESS
TXN-201146,CUST-1014,2026-03-08,Domino's,Food & Dining,DEBIT,4445.15,Credit Card,SUCCESS
TXN-201147,CUST-1101,2026-03-16,BookMyShow,Entertainment,DEBIT,5449.5,UPI,SUCCESS
TXN-201148,CUST-1085,2026-08-15,Uber,Travel,DEBIT,4623.97,UPI,SUCCESS
TXN-201149,CUST-1011,2026-03-08,PharmEasy,Healthcare,DEBIT,1622.33,Net Banking,PENDING
TXN-201150,CUST-1059,2026-07-12,Netflix,Entertainment,DEBIT,6803.79,Credit Card,SUCCESS
TXN-201151,CUST-1051,2026-08-06,Electricity Board,Bills & Utilities,DEBIT,6280.7,Credit Card,SUCCESS
TXN-201152,CUST-1104,2026-07-11,Starbucks,Food & Dining,DEBIT,5179.3,Credit Card,SUCCESS
TXN-201153,CUST-1030,2026-03-11,Uber,Travel,DEBIT,770.49,Net Banking,SUCCESS
TXN-201154,CUST-1044,2026-02-17,Electricity Board,Bills & Utilities,DEBIT,2057.21,Debit Card,SUCCESS
TXN-201155,CUST-1038,2026-06-18,Ola,Travel,DEBIT,4660.9,UPI,SUCCESS
TXN-201156,CUST-1066,2026-01-08,Starbucks,Food & Dining,DEBIT,3863.22,Net Banking,SUCCESS
TXN-201157,CUST-1048,2026-04-30,Swiggy,Food & Dining,DEBIT,245.86,Credit Card,SUCCESS
TXN-201158,CUST-1101,2026-01-07,Ola,Travel,DEBIT,1117.71,Credit Card,SUCCESS
TXN-201159,CUST-1014,2026-08-10,Indane Gas,Bills & Utilities,DEBIT,5522.73,Net Banking,SUCCESS
TXN-201160,CUST-1041,2026-05-19,Jio,Bills & Utilities,DEBIT,1156.97,Debit Card,SUCCESS
TXN-201161,CUST-1050,2026-02-16,Zomato,Food & Dining,DEBIT,4456.19,Debit Card,SUCCESS
TXN-201162,CUST-1068,2026-07-24,BookMyShow,Entertainment,DEBIT,4887.98,Net Banking,SUCCESS
TXN-201163,CUST-1069,2026-01-25,Indane Gas,Bills & Utilities,DEBIT,6321.72,UPI,SUCCESS
TXN-201164,CUST-1113,2026-06-06,Domino's,Food & Dining,DEBIT,2644.04,Net Banking,SUCCESS
TXN-201165,CUST-1091,2026-01-26,Haldiram's,Food & Dining,DEBIT,6389.32,Credit Card,SUCCESS
TXN-201166,CUST-1036,2026-02-07,Airtel,Bills & Utilities,DEBIT,3035.32,Credit Card,SUCCESS
TXN-201167,CUST-1084,2026-08-01,Amazon,Shopping,DEBIT,2783.81,Credit Card,SUCCESS
TXN-201168,CUST-1113,2026-01-26,Airtel,Bills & Utilities,DEBIT,2890.62,Net Banking,SUCCESS
TXN-201169,CUST-1072,2026-04-02,Indane Gas,Bills & Utilities,DEBIT,2963.8,Credit Card,SUCCESS
TXN-201170,CUST-1040,2026-01-19,Netflix,Entertainment,DEBIT,5580.98,Net Banking,SUCCESS
TXN-201171,CUST-1037,2026-07-27,1mg,Healthcare,DEBIT,3341.03,UPI,SUCCESS
TXN-201172,CUST-1018,2026-03-05,Blinkit,Food & Dining,DEBIT,3592.54,UPI,SUCCESS
TXN-201173,CUST-1093,2026-01-14,Zomato,Food & Dining,DEBIT,6057.24,Debit Card,SUCCESS
TXN-201174,CUST-1021,2026-08-14,YouTube Premium,Entertainment,DEBIT,7750.51,Credit Card,SUCCESS
TXN-201175,CUST-1088,2026-08-03,BookMyShow,Entertainment,DEBIT,2503.15,Net Banking,SUCCESS
TXN-201176,CUST-1113,2026-01-09,Myntra,Shopping,DEBIT,5508.72,Net Banking,SUCCESS
TXN-201177,CUST-1068,2026-06-03,BookMyShow,Entertainment,DEBIT,7685.87,UPI,SUCCESS
TXN-201178,CUST-1071,2026-07-02,Indane Gas,Bills & Utilities,DEBIT,1275.66,Credit Card,SUCCESS
TXN-201179,CUST-1048,2026-08-01,Netflix,Entertainment,DEBIT,5224.14,UPI,SUCCESS
TXN-201180,CUST-1073,2026-05-01,Haldiram's,Food & Dining,DEBIT,2642.95,Credit Card,SUCCESS
TXN-201181,CUST-1117,2026-06-15,Starbucks,Food & Dining,DEBIT,6721.99,Net Banking,SUCCESS
TXN-201182,CUST-1045,2026-05-16,MakeMyTrip,Travel,DEBIT,7806.35,Debit Card,SUCCESS
TXN-201183,CUST-1066,2026-01-20,Flipkart,Shopping,DEBIT,5726.93,Net Banking,SUCCESS
TXN-201184,CUST-1031,2026-06-20,Spotify,Entertainment,DEBIT,1998.17,Credit Card,SUCCESS
TXN-201185,CUST-1002,2026-03-12,Croma,Shopping,DEBIT,3406.32,Net Banking,SUCCESS
TXN-201186,CUST-1074,2026-03-18,Jio,Bills & Utilities,DEBIT,3821.74,Net Banking,SUCCESS
TXN-201187,CUST-1060,2026-04-13,Starbucks,Food & Dining,DEBIT,2649.3,UPI,SUCCESS
TXN-201188,CUST-1112,2026-07-28,Coursera,Education,DEBIT,1924.77,Credit Card,SUCCESS
TXN-201189,CUST-1001,2026-06-04,Starbucks,Food & Dining,DEBIT,2890.99,Credit Card,SUCCESS
TXN-201190,CUST-1109,2026-07-12,Domino's,Food & Dining,DEBIT,2709.07,Credit Card,SUCCESS
TXN-201191,CUST-1003,2026-02-06,Starbucks,Food & Dining,DEBIT,6796.59,UPI,SUCCESS
TXN-201192,CUST-1029,2026-07-07,Croma,Shopping,DEBIT,920.7,Credit Card,SUCCESS
TXN-201193,CUST-1043,2026-04-15,IRCTC,Travel,DEBIT,4326.08,UPI,SUCCESS
TXN-201194,CUST-1083,2026-03-09,Electricity Board,Bills & Utilities,DEBIT,675.81,Net Banking,SUCCESS
TXN-201195,CUST-1097,2026-03-07,Apollo Pharmacy,Healthcare,DEBIT,2835.74,UPI,SUCCESS
TXN-201196,CUST-1007,2026-03-07,Starbucks,Food & Dining,DEBIT,563.94,Net Banking,SUCCESS
TXN-201197,CUST-1090,2026-03-28,Domino's,Food & Dining,DEBIT,2852.22,Debit Card,SUCCESS
TXN-201198,CUST-1103,2026-07-09,Training Institute,Education,DEBIT,3649.9,Debit Card,SUCCESS
TXN-201199,CUST-1036,2026-07-03,Rapido,Travel,DEBIT,2787.02,Net Banking,SUCCESS
TXN-201200,CUST-1080,2026-08-04,Starbucks,Food & Dining,DEBIT,4634.67,Debit Card,SUCCESS
TXN-201201,CUST-1110,2026-01-07,Rapido,Travel,DEBIT,553.71,Net Banking,SUCCESS
TXN-201202,CUST-1076,2026-04-15,Flipkart,Shopping,DEBIT,3489.34,UPI,SUCCESS
TXN-201203,CUST-1017,2026-07-31,Jio,Bills & Utilities,DEBIT,2118.15,Debit Card,SUCCESS
TXN-201204,CUST-1109,2026-07-13,Domino's,Food & Dining,DEBIT,2627.87,UPI,SUCCESS
TXN-201205,CUST-1014,2026-03-02,Haldiram's,Food & Dining,DEBIT,1753.87,UPI,SUCCESS
TXN-201206,CUST-1029,2026-02-28,Swiggy,Food & Dining,DEBIT,3569.63,UPI,SUCCESS
TXN-201207,CUST-1120,2026-03-22,Coursera,Education,DEBIT,6382.27,Net Banking,SUCCESS
TXN-201208,CUST-1058,2026-03-24,Myntra,Shopping,DEBIT,4328.78,UPI,SUCCESS
TXN-201209,CUST-1096,2026-05-07,Zomato,Food & Dining,DEBIT,5391.66,Credit Card,SUCCESS
TXN-201210,CUST-1098,2026-01-22,MakeMyTrip,Travel,DEBIT,3833.82,Net Banking,SUCCESS
TXN-201211,CUST-1055,2026-02-05,MakeMyTrip,Travel,DEBIT,1570.15,Net Banking,SUCCESS
TXN-201212,CUST-1115,2026-01-25,1mg,Healthcare,DEBIT,2695.6,Debit Card,SUCCESS
TXN-201213,CUST-1032,2026-07-28,Water Bill,Bills & Utilities,DEBIT,5553.82,Net Banking,SUCCESS
TXN-201214,CUST-1084,2026-05-07,Myntra,Shopping,DEBIT,1706.5,Credit Card,SUCCESS
TXN-201215,CUST-1040,2026-03-26,Swiggy,Food & Dining,DEBIT,3864.25,Net Banking,SUCCESS
TXN-201216,CUST-1001,2026-08-14,Water Bill,Bills & Utilities,DEBIT,663.48,UPI,SUCCESS
TXN-201217,CUST-1068,2026-02-18,Blinkit,Food & Dining,DEBIT,1098.18,Credit Card,SUCCESS
TXN-201218,CUST-1080,2026-02-23,Myntra,Shopping,DEBIT,4380.83,Credit Card,SUCCESS
TXN-201219,CUST-1042,2026-01-02,Udemy,Education,DEBIT,388.55,Credit Card,SUCCESS
TXN-201220,CUST-1014,2026-07-01,Netflix,Entertainment,DEBIT,6256.37,Net Banking,PENDING
TXN-201221,CUST-1057,2026-08-02,Flipkart,Shopping,DEBIT,7925.08,UPI,SUCCESS
TXN-201222,CUST-1058,2026-07-08,Ola,Travel,DEBIT,4744.19,Debit Card,SUCCESS
TXN-201223,CUST-1060,2026-06-22,Electricity Board,Bills & Utilities,DEBIT,4611.96,Net Banking,SUCCESS
TXN-201224,CUST-1003,2026-03-29,Apollo Pharmacy,Healthcare,DEBIT,6189.9,UPI,SUCCESS
TXN-201225,CUST-1068,2026-07-28,YouTube Premium,Entertainment,DEBIT,6868.96,Net Banking,SUCCESS
TXN-201226,CUST-1114,2026-07-22,Swiggy,Food & Dining,DEBIT,2224.19,Net Banking,SUCCESS
TXN-201227,CUST-1081,2026-08-04,Rapido,Travel,DEBIT,7652.71,Net Banking,SUCCESS
TXN-201228,CUST-1078,2026-01-31,Airtel,Bills & Utilities,DEBIT,5538.16,Net Banking,SUCCESS
TXN-201229,CUST-1022,2026-07-25,Rapido,Travel,DEBIT,6218.58,UPI,SUCCESS
TXN-201230,CUST-1023,2026-07-12,Domino's,Food & Dining,DEBIT,7982.8,Net Banking,PENDING
TXN-201231,CUST-1086,2026-01-16,Myntra,Shopping,DEBIT,4052.9,Net Banking,SUCCESS
TXN-201232,CUST-1099,2026-03-19,Ola,Travel,DEBIT,2758.87,Net Banking,SUCCESS
TXN-201233,CUST-1114,2026-04-26,Jio,Bills & Utilities,DEBIT,2543.23,Credit Card,SUCCESS
TXN-201234,CUST-1120,2026-05-27,Starbucks,Food & Dining,DEBIT,3140.63,UPI,SUCCESS
TXN-201235,CUST-1063,2026-03-21,Uber,Travel,DEBIT,6924.9,UPI,SUCCESS
TXN-201236,CUST-1005,2026-06-07,Blinkit,Food & Dining,DEBIT,1088.83,Debit Card,SUCCESS
TXN-201237,CUST-1035,2026-04-18,Flipkart,Shopping,DEBIT,1273.64,Credit Card,SUCCESS
TXN-201238,CUST-1066,2026-02-14,Ajio,Shopping,DEBIT,566.9,Credit Card,SUCCESS
TXN-201239,CUST-1117,2026-02-28,Croma,Shopping,DEBIT,5350.02,Credit Card,SUCCESS
TXN-201240,CUST-1102,2026-07-07,Coursera,Education,DEBIT,680.77,Debit Card,SUCCESS
TXN-201241,CUST-1003,2026-06-13,Zomato,Food & Dining,DEBIT,4003.79,UPI,SUCCESS
TXN-201242,CUST-1027,2026-04-04,Ajio,Shopping,DEBIT,119.52,Credit Card,SUCCESS
TXN-201243,CUST-1054,2026-08-08,Flipkart,Shopping,DEBIT,2942.95,Credit Card,SUCCESS
TXN-201244,CUST-1095,2026-05-10,YouTube Premium,Entertainment,DEBIT,5334.62,Debit Card,SUCCESS
TXN-201245,CUST-1027,2026-05-01,Ajio,Shopping,DEBIT,7142.61,UPI,SUCCESS
TXN-201246,CUST-1016,2026-04-27,Uber,Travel,DEBIT,2622.91,Debit Card,SUCCESS
TXN-201247,CUST-1068,2026-06-08,Netflix,Entertainment,DEBIT,5297.38,Debit Card,SUCCESS
TXN-201248,CUST-1039,2026-08-10,Netflix,Entertainment,DEBIT,7102.72,UPI,SUCCESS
TXN-201249,CUST-1073,2026-03-30,Haldiram's,Food & Dining,DEBIT,2298.28,Debit Card,SUCCESS
TXN-201250,CUST-1054,2026-05-27,Zomato,Food & Dining,DEBIT,2099.38,Net Banking,SUCCESS
TXN-201251,CUST-1021,2026-07-23,Ola,Travel,DEBIT,6924.72,Debit Card,SUCCESS
TXN-201252,CUST-1100,2026-06-13,Blinkit,Food & Dining,DEBIT,6044.23,Debit Card,SUCCESS
TXN-201253,CUST-1024,2026-02-13,Zomato,Food & Dining,DEBIT,3186.68,Net Banking,SUCCESS
TXN-201254,CUST-1085,2026-08-15,Amazon,Shopping,DEBIT,7821.94,UPI,SUCCESS
TXN-201255,CUST-1087,2026-05-16,Swiggy,Food & Dining,DEBIT,4639.1,UPI,SUCCESS
TXN-201256,CUST-1076,2026-04-05,Haldiram's,Food & Dining,DEBIT,4284.3,Credit Card,SUCCESS
TXN-201257,CUST-1055,2026-07-06,Croma,Shopping,DEBIT,4367.86,Debit Card,SUCCESS
TXN-201258,CUST-1103,2026-05-18,Apollo Pharmacy,Healthcare,DEBIT,7767.93,Debit Card,SUCCESS
TXN-201259,CUST-1117,2026-05-26,Myntra,Shopping,DEBIT,3502.47,Net Banking,SUCCESS
TXN-201260,CUST-1101,2026-07-01,Haldiram's,Food & Dining,DEBIT,3362.32,Credit Card,SUCCESS
TXN-201261,CUST-1034,2026-04-22,YouTube Premium,Entertainment,DEBIT,5599.01,UPI,SUCCESS
TXN-201262,CUST-1084,2026-04-02,MakeMyTrip,Travel,DEBIT,1394.03,Credit Card,SUCCESS
TXN-201263,CUST-1010,2026-05-06,Myntra,Shopping,DEBIT,3570.8,Credit Card,SUCCESS
TXN-201264,CUST-1050,2026-03-12,Rapido,Travel,DEBIT,1155.03,UPI,SUCCESS
TXN-201265,CUST-1037,2026-01-23,Coursera,Education,DEBIT,2878.89,Credit Card,SUCCESS
TXN-201266,CUST-1102,2026-04-16,Uber,Travel,DEBIT,1278.23,Debit Card,SUCCESS
TXN-201267,CUST-1050,2026-02-27,Myntra,Shopping,DEBIT,7728.93,Net Banking,SUCCESS
TXN-201268,CUST-1083,2026-05-13,Coursera,Education,DEBIT,2741.81,UPI,SUCCESS
TXN-201269,CUST-1075,2026-02-06,Rapido,Travel,DEBIT,626.49,Credit Card,SUCCESS
TXN-201270,CUST-1049,2026-06-14,Croma,Shopping,DEBIT,3013.73,Credit Card,SUCCESS
TXN-201271,CUST-1035,2026-03-01,Zomato,Food & Dining,DEBIT,3946.81,UPI,SUCCESS
TXN-201272,CUST-1010,2026-05-01,YouTube Premium,Entertainment,DEBIT,4093.67,Credit Card,SUCCESS
TXN-201273,CUST-1013,2026-01-31,Electricity Board,Bills & Utilities,DEBIT,3988.43,Debit Card,SUCCESS
TXN-201274,CUST-1033,2026-08-13,Myntra,Shopping,DEBIT,7306.17,Debit Card,SUCCESS
TXN-201275,CUST-1026,2026-02-11,Indane Gas,Bills & Utilities,DEBIT,4029.04,Debit Card,SUCCESS
TXN-201276,CUST-1014,2026-03-10,Ajio,Shopping,DEBIT,2181.21,Debit Card,SUCCESS
TXN-201277,CUST-1014,2026-06-06,Flipkart,Shopping,DEBIT,4797.4,UPI,SUCCESS
TXN-201278,CUST-1031,2026-06-12,Blinkit,Food & Dining,DEBIT,1182.49,Net Banking,SUCCESS
TXN-201279,CUST-1092,2026-01-03,Starbucks,Food & Dining,DEBIT,2823.22,Credit Card,SUCCESS
TXN-201280,CUST-1060,2026-01-14,Apollo Pharmacy,Healthcare,DEBIT,1919.84,Credit Card,SUCCESS
TXN-201281,CUST-1112,2026-03-07,Netflix,Entertainment,DEBIT,1194.81,Debit Card,SUCCESS
TXN-201282,CUST-1041,2026-04-26,Haldiram's,Food & Dining,DEBIT,2658.41,Net Banking,SUCCESS
TXN-201283,CUST-1052,2026-02-17,Swiggy,Food & Dining,DEBIT,6201.61,Net Banking,SUCCESS
TXN-201284,CUST-1119,2026-07-12,Zomato,Food & Dining,DEBIT,1864.44,UPI,SUCCESS
TXN-201285,CUST-1084,2026-01-13,Amazon,Shopping,DEBIT,6202.01,Credit Card,SUCCESS
TXN-201286,CUST-1067,2026-06-28,Zomato,Food & Dining,DEBIT,4361.13,UPI,SUCCESS
TXN-201287,CUST-1042,2026-07-11,Amazon,Shopping,DEBIT,6660.3,UPI,SUCCESS
TXN-201288,CUST-1031,2026-01-28,Flipkart,Shopping,DEBIT,4799.69,UPI,SUCCESS
TXN-201289,CUST-1081,2026-08-10,Ajio,Shopping,DEBIT,7655.59,Debit Card,SUCCESS
TXN-201290,CUST-1089,2026-01-31,Zomato,Food & Dining,DEBIT,137.5,Debit Card,SUCCESS
TXN-201291,CUST-1002,2026-08-08,Airtel,Bills & Utilities,DEBIT,7784.45,Credit Card,SUCCESS
TXN-201292,CUST-1015,2026-02-23,Apollo Pharmacy,Healthcare,DEBIT,6363.79,Debit Card,SUCCESS
TXN-201293,CUST-1024,2026-06-05,Spotify,Entertainment,DEBIT,4948.74,UPI,SUCCESS
TXN-201294,CUST-1007,2026-02-26,Swiggy,Food & Dining,DEBIT,5949.74,Credit Card,SUCCESS
TXN-201295,CUST-1052,2026-07-23,Flipkart,Shopping,DEBIT,3863.82,UPI,SUCCESS
TXN-201296,CUST-1058,2026-03-03,Swiggy,Food & Dining,DEBIT,3011.27,Net Banking,SUCCESS
TXN-201297,CUST-1082,2026-04-08,Training Institute,Education,DEBIT,1531.25,Credit Card,SUCCESS
TXN-201298,CUST-1003,2026-01-04,Indane Gas,Bills & Utilities,DEBIT,2162.41,Net Banking,SUCCESS
TXN-201299,CUST-1012,2026-04-30,MedPlus,Healthcare,DEBIT,1004.0,Debit Card,SUCCESS
TXN-201300,CUST-1050,2026-05-17,PharmEasy,Healthcare,DEBIT,1993.29,Credit Card,SUCCESS
TXN-201301,CUST-1087,2026-08-03,Flipkart,Shopping,DEBIT,2059.19,UPI,SUCCESS
TXN-201302,CUST-1110,2026-06-09,Blinkit,Food & Dining,DEBIT,2469.1,Net Banking,SUCCESS
TXN-201303,CUST-1047,2026-03-18,Zomato,Food & Dining,DEBIT,6315.91,Net Banking,SUCCESS
TXN-201304,CUST-1067,2026-01-27,Domino's,Food & Dining,DEBIT,6880.64,Credit Card,SUCCESS
TXN-201305,CUST-1063,2026-05-27,Croma,Shopping,DEBIT,5641.06,Net Banking,SUCCESS
TXN-201306,CUST-1005,2026-05-13,Ajio,Shopping,DEBIT,523.02,Net Banking,SUCCESS
TXN-201307,CUST-1026,2026-03-24,Amazon,Shopping,DEBIT,5026.1,Net Banking,SUCCESS
TXN-201308,CUST-1012,2026-03-05,Water Bill,Bills & Utilities,DEBIT,342.08,Net Banking,SUCCESS
TXN-201309,CUST-1006,2026-06-17,Uber,Travel,DEBIT,3125.69,UPI,SUCCESS
TXN-201310,CUST-1087,2026-01-12,Amazon,Shopping,DEBIT,4405.03,Debit Card,SUCCESS
TXN-201311,CUST-1111,2026-08-03,Apollo Pharmacy,Healthcare,DEBIT,2222.38,Net Banking,SUCCESS
TXN-201312,CUST-1075,2026-02-06,Blinkit,Food & Dining,DEBIT,2936.94,UPI,SUCCESS
TXN-201313,CUST-1100,2026-05-23,YouTube Premium,Entertainment,DEBIT,7021.53,UPI,SUCCESS
TXN-201314,CUST-1043,2026-03-25,Zomato,Food & Dining,DEBIT,7203.03,UPI,SUCCESS
TXN-201315,CUST-1116,2026-08-06,Jio,Bills & Utilities,DEBIT,6167.89,UPI,SUCCESS
TXN-201316,CUST-1120,2026-05-29,IRCTC,Travel,DEBIT,3986.94,UPI,SUCCESS
TXN-201317,CUST-1107,2026-02-14,Spotify,Entertainment,DEBIT,3991.24,Credit Card,SUCCESS
TXN-201318,CUST-1059,2026-03-18,Indane Gas,Bills & Utilities,DEBIT,2276.96,Net Banking,SUCCESS
TXN-201319,CUST-1021,2026-05-19,Domino's,Food & Dining,DEBIT,3923.48,Net Banking,SUCCESS
TXN-201320,CUST-1008,2026-03-11,Flipkart,Shopping,DEBIT,7013.21,Credit Card,SUCCESS
TXN-201321,CUST-1112,2026-01-25,Flipkart,Shopping,DEBIT,479.72,Net Banking,SUCCESS
TXN-201322,CUST-1075,2026-06-20,Zomato,Food & Dining,DEBIT,680.03,Net Banking,SUCCESS
TXN-201323,CUST-1015,2026-03-21,Croma,Shopping,DEBIT,6561.89,Net Banking,SUCCESS
TXN-201324,CUST-1084,2026-04-09,Udemy,Education,DEBIT,5437.85,Net Banking,SUCCESS
TXN-201325,CUST-1084,2026-05-11,MedPlus,Healthcare,DEBIT,1349.89,Debit Card,SUCCESS
TXN-201326,CUST-1021,2026-07-26,Starbucks,Food & Dining,DEBIT,7875.45,Credit Card,SUCCESS
TXN-201327,CUST-1097,2026-07-28,Ola,Travel,DEBIT,2110.86,Net Banking,SUCCESS
TXN-201328,CUST-1113,2026-05-23,Starbucks,Food & Dining,DEBIT,5516.39,Net Banking,SUCCESS
TXN-201329,CUST-1009,2026-05-11,Apollo Pharmacy,Healthcare,DEBIT,2927.02,Debit Card,SUCCESS
TXN-201330,CUST-1108,2026-05-08,Jio,Bills & Utilities,DEBIT,6442.38,UPI,SUCCESS
TXN-201331,CUST-1044,2026-06-09,MedPlus,Healthcare,DEBIT,4869.83,Debit Card,SUCCESS
TXN-201332,CUST-1070,2026-04-02,Croma,Shopping,DEBIT,1064.98,Net Banking,SUCCESS
TXN-201333,CUST-1110,2026-04-04,Udemy,Education,DEBIT,5788.65,Debit Card,SUCCESS
TXN-201334,CUST-1050,2026-06-27,Water Bill,Bills & Utilities,DEBIT,2551.93,Credit Card,SUCCESS
TXN-201335,CUST-1070,2026-08-11,Flipkart,Shopping,DEBIT,1769.65,UPI,SUCCESS
TXN-201336,CUST-1047,2026-02-18,PharmEasy,Healthcare,DEBIT,7976.78,UPI,SUCCESS
TXN-201337,CUST-1041,2026-06-12,Starbucks,Food & Dining,DEBIT,4159.38,Debit Card,SUCCESS
TXN-201338,CUST-1106,2026-08-10,Coursera,Education,DEBIT,7584.06,Debit Card,SUCCESS
TXN-201339,CUST-1081,2026-07-31,1mg,Healthcare,DEBIT,6953.59,UPI,SUCCESS
TXN-201340,CUST-1026,2026-08-08,Electricity Board,Bills & Utilities,DEBIT,3903.06,UPI,SUCCESS
TXN-201341,CUST-1010,2026-04-29,Croma,Shopping,DEBIT,7604.97,Credit Card,PENDING
TXN-201342,CUST-1069,2026-04-04,Spotify,Entertainment,DEBIT,5080.64,Net Banking,SUCCESS
TXN-201343,CUST-1036,2026-07-29,Training Institute,Education,DEBIT,7997.05,Debit Card,SUCCESS
TXN-201344,CUST-1052,2026-05-10,Haldiram's,Food & Dining,DEBIT,440.44,Net Banking,SUCCESS
TXN-201345,CUST-1091,2026-02-05,Netflix,Entertainment,DEBIT,7820.38,Debit Card,SUCCESS
TXN-201346,CUST-1097,2026-05-09,Ajio,Shopping,DEBIT,3537.98,Net Banking,SUCCESS
TXN-201347,CUST-1036,2026-07-25,Uber,Travel,DEBIT,7629.41,Debit Card,SUCCESS
TXN-201348,CUST-1045,2026-07-19,Ola,Travel,DEBIT,5798.81,UPI,SUCCESS
TXN-201349,CUST-1119,2026-07-31,Flipkart,Shopping,DEBIT,7356.61,Debit Card,SUCCESS
TXN-201350,CUST-1115,2026-05-17,Blinkit,Food & Dining,DEBIT,3985.74,Credit Card,SUCCESS
TXN-201351,CUST-1046,2026-04-27,Metro,Travel,DEBIT,4966.13,Net Banking,SUCCESS
TXN-201352,CUST-1019,2026-03-17,Domino's,Food & Dining,DEBIT,1552.3,Debit Card,SUCCESS
TXN-201353,CUST-1117,2026-07-12,Myntra,Shopping,DEBIT,6417.6,Debit Card,SUCCESS
TXN-201354,CUST-1075,2026-06-29,Electricity Board,Bills & Utilities,DEBIT,762.31,UPI,SUCCESS
TXN-201355,CUST-1098,2026-04-20,PharmEasy,Healthcare,DEBIT,5944.7,Credit Card,SUCCESS
TXN-201356,CUST-1010,2026-04-06,Swiggy,Food & Dining,DEBIT,3256.92,UPI,SUCCESS
TXN-201357,CUST-1066,2026-04-06,Flipkart,Shopping,DEBIT,264.61,Debit Card,SUCCESS
TXN-201358,CUST-1048,2026-08-15,MakeMyTrip,Travel,DEBIT,7561.89,Net Banking,SUCCESS
TXN-201359,CUST-1048,2026-02-03,Domino's,Food & Dining,DEBIT,4964.79,Credit Card,SUCCESS
TXN-201360,CUST-1086,2026-04-19,Rapido,Travel,DEBIT,3996.91,Debit Card,SUCCESS
TXN-201361,CUST-1075,2026-08-11,Flipkart,Shopping,DEBIT,6636.09,Credit Card,SUCCESS
TXN-201362,CUST-1083,2026-01-20,Zomato,Food & Dining,DEBIT,4483.79,Credit Card,SUCCESS
TXN-201363,CUST-1067,2026-02-09,Decathlon,Shopping,DEBIT,1704.88,Debit Card,SUCCESS
TXN-201364,CUST-1030,2026-02-19,Spotify,Entertainment,DEBIT,5108.26,UPI,SUCCESS
TXN-201365,CUST-1046,2026-07-01,Uber,Travel,DEBIT,4162.91,Credit Card,SUCCESS
TXN-201366,CUST-1005,2026-04-11,Water Bill,Bills & Utilities,DEBIT,5567.18,UPI,SUCCESS
TXN-201367,CUST-1045,2026-07-01,Uber,Travel,DEBIT,2346.75,Debit Card,SUCCESS
TXN-201368,CUST-1049,2026-06-18,Netflix,Entertainment,DEBIT,4464.69,Debit Card,SUCCESS
TXN-201369,CUST-1021,2026-02-04,Indane Gas,Bills & Utilities,DEBIT,4091.44,Net Banking,SUCCESS
TXN-201370,CUST-1079,2026-02-12,Swiggy,Food & Dining,DEBIT,7929.75,Net Banking,SUCCESS
TXN-201371,CUST-1102,2026-01-04,Ajio,Shopping,DEBIT,6970.48,UPI,SUCCESS
TXN-201372,CUST-1016,2026-05-02,Haldiram's,Food & Dining,DEBIT,6366.47,Net Banking,SUCCESS
TXN-201373,CUST-1050,2026-06-29,Decathlon,Shopping,DEBIT,3904.6,UPI,SUCCESS
TXN-201374,CUST-1088,2026-05-28,Amazon,Shopping,DEBIT,3238.31,Debit Card,SUCCESS
TXN-201375,CUST-1019,2026-01-16,Bookstore,Education,DEBIT,4294.28,UPI,SUCCESS
TXN-201376,CUST-1075,2026-08-03,MakeMyTrip,Travel,DEBIT,7458.03,Credit Card,SUCCESS
TXN-201377,CUST-1080,2026-06-17,Spotify,Entertainment,DEBIT,351.25,UPI,SUCCESS
TXN-201378,CUST-1108,2026-06-04,Zomato,Food & Dining,DEBIT,796.39,Debit Card,SUCCESS
TXN-201379,CUST-1087,2026-04-06,Water Bill,Bills & Utilities,DEBIT,6338.44,UPI,SUCCESS
TXN-201380,CUST-1070,2026-07-07,MakeMyTrip,Travel,DEBIT,3749.97,Net Banking,SUCCESS
TXN-201381,CUST-1089,2026-07-02,Haldiram's,Food & Dining,DEBIT,7435.97,UPI,SUCCESS
TXN-201382,CUST-1079,2026-04-01,Amazon,Shopping,DEBIT,4263.69,Debit Card,SUCCESS
TXN-201383,CUST-1062,2026-04-30,Spotify,Entertainment,DEBIT,6880.5,Debit Card,SUCCESS
TXN-201384,CUST-1094,2026-06-06,Ola,Travel,DEBIT,3645.59,Credit Card,SUCCESS
TXN-201385,CUST-1054,2026-05-08,Ajio,Shopping,DEBIT,1866.6,Net Banking,SUCCESS
TXN-201386,CUST-1085,2026-05-01,Decathlon,Shopping,DEBIT,3997.3,UPI,SUCCESS
TXN-201387,CUST-1070,2026-03-31,Flipkart,Shopping,DEBIT,7675.03,Debit Card,SUCCESS
TXN-201388,CUST-1020,2026-01-24,Swiggy,Food & Dining,DEBIT,4186.24,UPI,SUCCESS
TXN-201389,CUST-1086,2026-05-11,Flipkart,Shopping,DEBIT,1586.06,Net Banking,SUCCESS
TXN-201390,CUST-1015,2026-08-02,Metro,Travel,DEBIT,4207.7,UPI,SUCCESS
TXN-201391,CUST-1096,2026-04-25,Croma,Shopping,DEBIT,1531.64,Debit Card,SUCCESS
TXN-201392,CUST-1104,2026-01-22,Jio,Bills & Utilities,DEBIT,594.13,Net Banking,SUCCESS
TXN-201393,CUST-1066,2026-04-30,Indane Gas,Bills & Utilities,DEBIT,7180.79,UPI,SUCCESS
TXN-201394,CUST-1104,2026-03-13,Haldiram's,Food & Dining,DEBIT,2185.38,UPI,SUCCESS
TXN-201395,CUST-1062,2026-06-20,Zomato,Food & Dining,DEBIT,188.64,Credit Card,SUCCESS
TXN-201396,CUST-1017,2026-05-24,Zomato,Food & Dining,DEBIT,680.64,UPI,SUCCESS
TXN-201397,CUST-1090,2026-07-12,Swiggy,Food & Dining,DEBIT,1779.75,Credit Card,SUCCESS
TXN-201398,CUST-1057,2026-05-01,Blinkit,Food & Dining,DEBIT,980.55,UPI,SUCCESS
TXN-201399,CUST-1073,2026-01-17,1mg,Healthcare,DEBIT,1442.46,Credit Card,SUCCESS
TXN-201400,CUST-1079,2026-07-04,Swiggy,Food & Dining,DEBIT,2663.24,Credit Card,SUCCESS
TXN-201401,CUST-1047,2026-07-31,Flipkart,Shopping,DEBIT,4110.78,Debit Card,SUCCESS
TXN-201402,CUST-1075,2026-04-14,IRCTC,Travel,DEBIT,1207.09,Credit Card,SUCCESS
TXN-201403,CUST-1081,2026-08-01,Starbucks,Food & Dining,DEBIT,2208.25,UPI,SUCCESS
TXN-201404,CUST-1072,2026-05-03,Metro,Travel,DEBIT,6213.0,Debit Card,SUCCESS
TXN-201405,CUST-1063,2026-05-31,Jio,Bills & Utilities,DEBIT,1375.84,Net Banking,SUCCESS
TXN-201406,CUST-1001,2026-04-04,Electricity Board,Bills & Utilities,DEBIT,2206.36,UPI,PENDING
TXN-201407,CUST-1015,2026-07-06,Metro,Travel,DEBIT,4199.41,Net Banking,SUCCESS
TXN-201408,CUST-1117,2026-07-14,Croma,Shopping,DEBIT,5018.62,UPI,SUCCESS
TXN-201409,CUST-1039,2026-05-08,MedPlus,Healthcare,DEBIT,5720.01,Net Banking,SUCCESS
TXN-201410,CUST-1033,2026-01-19,Spotify,Entertainment,DEBIT,347.07,Debit Card,SUCCESS
TXN-201411,CUST-1042,2026-07-25,1mg,Healthcare,DEBIT,5905.9,Net Banking,SUCCESS
TXN-201412,CUST-1028,2026-05-13,IRCTC,Travel,DEBIT,4014.46,Debit Card,SUCCESS
TXN-201413,CUST-1010,2026-06-28,Starbucks,Food & Dining,DEBIT,5141.85,Debit Card,SUCCESS
TXN-201414,CUST-1038,2026-01-02,PharmEasy,Healthcare,DEBIT,1725.01,Net Banking,SUCCESS
TXN-201415,CUST-1106,2026-03-15,Zomato,Food & Dining,DEBIT,358.77,Net Banking,SUCCESS
TXN-201416,CUST-1056,2026-03-07,IRCTC,Travel,DEBIT,4286.64,Credit Card,SUCCESS
TXN-201417,CUST-1093,2026-01-29,Domino's,Food & Dining,DEBIT,3365.7,UPI,SUCCESS
TXN-201418,CUST-1083,2026-03-05,Metro,Travel,DEBIT,6317.62,Credit Card,SUCCESS
TXN-201419,CUST-1006,2026-01-20,Airtel,Bills & Utilities,DEBIT,4688.97,Credit Card,SUCCESS
TXN-201420,CUST-1095,2026-08-10,Ajio,Shopping,DEBIT,4548.42,Debit Card,SUCCESS
TXN-201421,CUST-1072,2026-05-02,Swiggy,Food & Dining,DEBIT,1021.2,Debit Card,SUCCESS
TXN-201422,CUST-1096,2026-07-11,Blinkit,Food & Dining,DEBIT,6377.87,Credit Card,SUCCESS
TXN-201423,CUST-1079,2026-05-28,Training Institute,Education,DEBIT,4142.56,Credit Card,SUCCESS
TXN-201424,CUST-1110,2026-03-21,Electricity Board,Bills & Utilities,DEBIT,7778.64,UPI,SUCCESS
TXN-201425,CUST-1109,2026-07-05,Uber,Travel,DEBIT,2377.81,Credit Card,SUCCESS
TXN-201426,CUST-1099,2026-07-18,Amazon,Shopping,DEBIT,937.35,Credit Card,SUCCESS
TXN-201427,CUST-1017,2026-04-12,Croma,Shopping,DEBIT,6512.58,Net Banking,SUCCESS
TXN-201428,CUST-1082,2026-03-12,Apollo Pharmacy,Healthcare,DEBIT,4360.65,UPI,SUCCESS
TXN-201429,CUST-1003,2026-02-02,Indane Gas,Bills & Utilities,DEBIT,7829.42,Credit Card,SUCCESS
TXN-201430,CUST-1028,2026-01-18,Netflix,Entertainment,DEBIT,4845.11,Net Banking,SUCCESS
TXN-201431,CUST-1016,2026-07-15,Starbucks,Food & Dining,DEBIT,2709.11,UPI,SUCCESS
TXN-201432,CUST-1103,2026-06-28,Starbucks,Food & Dining,DEBIT,437.33,Net Banking,SUCCESS
TXN-201433,CUST-1015,2026-06-16,MakeMyTrip,Travel,DEBIT,743.22,UPI,SUCCESS
TXN-201434,CUST-1118,2026-04-04,Blinkit,Food & Dining,DEBIT,470.06,UPI,SUCCESS
TXN-201435,CUST-1086,2026-07-23,Domino's,Food & Dining,DEBIT,5412.07,Debit Card,SUCCESS
TXN-201436,CUST-1081,2026-02-24,Decathlon,Shopping,DEBIT,5559.4,Debit Card,SUCCESS
TXN-201437,CUST-1066,2026-08-15,Ola,Travel,DEBIT,4765.07,Net Banking,SUCCESS
TXN-201438,CUST-1036,2026-05-22,Ola,Travel,DEBIT,4178.57,Debit Card,SUCCESS
TXN-201439,CUST-1112,2026-04-11,Metro,Travel,DEBIT,1288.04,UPI,SUCCESS
TXN-201440,CUST-1059,2026-05-11,Udemy,Education,DEBIT,4173.83,UPI,SUCCESS
TXN-201441,CUST-1053,2026-01-31,Electricity Board,Bills & Utilities,DEBIT,2361.82,Debit Card,SUCCESS
TXN-201442,CUST-1032,2026-03-17,Decathlon,Shopping,DEBIT,2555.9,Credit Card,SUCCESS
TXN-201443,CUST-1107,2026-06-11,Ajio,Shopping,DEBIT,4226.91,UPI,SUCCESS
TXN-201444,CUST-1061,2026-03-23,Indane Gas,Bills & Utilities,DEBIT,3382.67,Credit Card,SUCCESS
TXN-201445,CUST-1115,2026-07-14,Water Bill,Bills & Utilities,DEBIT,7340.82,Credit Card,SUCCESS
TXN-201446,CUST-1008,2026-04-05,Zomato,Food & Dining,DEBIT,2601.14,Debit Card,SUCCESS
TXN-201447,CUST-1084,2026-05-07,Blinkit,Food & Dining,DEBIT,3347.31,Debit Card,SUCCESS
TXN-201448,CUST-1004,2026-01-02,Myntra,Shopping,DEBIT,6057.33,Credit Card,SUCCESS
TXN-201449,CUST-1019,2026-03-05,Airtel,Bills & Utilities,DEBIT,7735.99,UPI,SUCCESS
TXN-201450,CUST-1111,2026-01-14,Haldiram's,Food & Dining,DEBIT,5103.88,Debit Card,SUCCESS
TXN-201451,CUST-1030,2026-06-14,Blinkit,Food & Dining,DEBIT,6316.84,Debit Card,SUCCESS
TXN-201452,CUST-1109,2026-03-03,Starbucks,Food & Dining,DEBIT,5819.14,Debit Card,SUCCESS
TXN-201453,CUST-1102,2026-02-14,Swiggy,Food & Dining,DEBIT,2357.34,UPI,SUCCESS
TXN-201454,CUST-1080,2026-02-05,Domino's,Food & Dining,DEBIT,879.12,UPI,SUCCESS
TXN-201455,CUST-1096,2026-07-24,Apollo Pharmacy,Healthcare,DEBIT,398.61,Debit Card,SUCCESS
TXN-201456,CUST-1049,2026-07-15,Bookstore,Education,DEBIT,5542.28,UPI,SUCCESS
TXN-201457,CUST-1076,2026-07-05,YouTube Premium,Entertainment,DEBIT,5866.42,Debit Card,SUCCESS
TXN-201458,CUST-1004,2026-07-03,1mg,Healthcare,DEBIT,2104.77,Net Banking,SUCCESS
TXN-201459,CUST-1021,2026-06-27,Croma,Shopping,DEBIT,2954.37,Debit Card,SUCCESS
TXN-201460,CUST-1059,2026-06-16,Water Bill,Bills & Utilities,DEBIT,7712.91,Debit Card,SUCCESS
TXN-201461,CUST-1104,2026-04-16,Haldiram's,Food & Dining,DEBIT,332.21,Credit Card,SUCCESS
TXN-201462,CUST-1059,2026-02-25,1mg,Healthcare,DEBIT,6780.19,Debit Card,SUCCESS
TXN-201463,CUST-1100,2026-02-25,Water Bill,Bills & Utilities,DEBIT,3674.48,Net Banking,SUCCESS
TXN-201464,CUST-1004,2026-03-30,Spotify,Entertainment,DEBIT,3296.97,Credit Card,SUCCESS
TXN-201465,CUST-1075,2026-07-13,Rapido,Travel,DEBIT,1157.91,Debit Card,SUCCESS
TXN-201466,CUST-1120,2026-06-02,Swiggy,Food & Dining,DEBIT,2196.3,Credit Card,SUCCESS
TXN-201467,CUST-1052,2026-07-16,Amazon,Shopping,DEBIT,2457.17,UPI,SUCCESS
TXN-201468,CUST-1116,2026-06-10,Amazon,Shopping,DEBIT,2327.66,UPI,SUCCESS
TXN-201469,CUST-1076,2026-01-20,Apollo Pharmacy,Healthcare,DEBIT,5122.02,Credit Card,SUCCESS
TXN-201470,CUST-1029,2026-07-26,Haldiram's,Food & Dining,DEBIT,1228.49,Credit Card,SUCCESS
TXN-201471,CUST-1049,2026-05-23,Haldiram's,Food & Dining,DEBIT,5911.75,UPI,SUCCESS
TXN-201472,CUST-1017,2026-01-16,Zomato,Food & Dining,DEBIT,1004.14,Credit Card,SUCCESS
TXN-201473,CUST-1004,2026-03-24,Rapido,Travel,DEBIT,972.69,Debit Card,SUCCESS
TXN-201474,CUST-1092,2026-01-24,IRCTC,Travel,DEBIT,6397.18,UPI,SUCCESS
TXN-201475,CUST-1071,2026-01-21,Starbucks,Food & Dining,DEBIT,7688.22,Net Banking,SUCCESS
TXN-201476,CUST-1120,2026-05-19,IRCTC,Travel,DEBIT,5685.52,Net Banking,SUCCESS
TXN-201477,CUST-1071,2026-04-22,Ajio,Shopping,DEBIT,540.58,Net Banking,SUCCESS
TXN-201478,CUST-1014,2026-04-18,Haldiram's,Food & Dining,DEBIT,6564.98,Credit Card,SUCCESS
TXN-201479,CUST-1008,2026-07-08,Blinkit,Food & Dining,DEBIT,5872.61,Debit Card,SUCCESS
TXN-201480,CUST-1023,2026-01-05,IRCTC,Travel,DEBIT,2881.62,UPI,SUCCESS
TXN-201481,CUST-1013,2026-08-13,Bookstore,Education,DEBIT,7597.16,UPI,SUCCESS
TXN-201482,CUST-1004,2026-04-25,Netflix,Entertainment,DEBIT,1590.83,Credit Card,SUCCESS
TXN-201483,CUST-1002,2026-02-08,Starbucks,Food & Dining,DEBIT,3231.94,Net Banking,SUCCESS
TXN-201484,CUST-1028,2026-05-26,Flipkart,Shopping,DEBIT,1573.26,Credit Card,SUCCESS
TXN-201485,CUST-1054,2026-06-22,PharmEasy,Healthcare,DEBIT,5023.59,Debit Card,SUCCESS
TXN-201486,CUST-1119,2026-03-13,YouTube Premium,Entertainment,DEBIT,2961.21,Net Banking,SUCCESS
TXN-201487,CUST-1092,2026-08-01,PharmEasy,Healthcare,DEBIT,3991.61,UPI,SUCCESS
TXN-201488,CUST-1110,2026-03-21,Swiggy,Food & Dining,DEBIT,3269.48,Credit Card,SUCCESS
TXN-201489,CUST-1112,2026-07-08,Rapido,Travel,DEBIT,2922.03,Debit Card,SUCCESS
TXN-201490,CUST-1102,2026-05-25,Ajio,Shopping,DEBIT,2743.0,Net Banking,SUCCESS
TXN-201491,CUST-1028,2026-06-27,Zomato,Food & Dining,DEBIT,4745.4,UPI,SUCCESS
TXN-201492,CUST-1110,2026-04-08,Water Bill,Bills & Utilities,DEBIT,2959.67,Credit Card,SUCCESS
TXN-201493,CUST-1042,2026-02-25,Swiggy,Food & Dining,DEBIT,4406.54,UPI,SUCCESS
TXN-201494,CUST-1090,2026-04-18,Flipkart,Shopping,DEBIT,3314.05,Net Banking,SUCCESS
TXN-201495,CUST-1109,2026-08-13,Myntra,Shopping,DEBIT,6503.61,Credit Card,SUCCESS
TXN-201496,CUST-1115,2026-05-08,Udemy,Education,DEBIT,3406.7,UPI,SUCCESS
TXN-201497,CUST-1077,2026-01-30,Decathlon,Shopping,DEBIT,3306.74,Net Banking,SUCCESS
TXN-201498,CUST-1067,2026-06-28,Indane Gas,Bills & Utilities,DEBIT,1425.64,UPI,SUCCESS
TXN-201499,CUST-1023,2026-03-11,Myntra,Shopping,DEBIT,6350.04,Credit Card,SUCCESS
TXN-201500,CUST-1031,2026-03-26,Swiggy,Food & Dining,DEBIT,2547.52,Credit Card,SUCCESS
TXN-201501,CUST-1099,2026-06-22,Ola,Travel,DEBIT,6467.45,UPI,SUCCESS
TXN-201502,CUST-1016,2026-04-18,Haldiram's,Food & Dining,DEBIT,2020.44,Debit Card,SUCCESS
TXN-201503,CUST-1119,2026-02-04,Haldiram's,Food & Dining,DEBIT,294.56,Debit Card,PENDING
TXN-201504,CUST-1025,2026-02-22,Electricity Board,Bills & Utilities,DEBIT,5062.71,Debit Card,SUCCESS
TXN-201505,CUST-1001,2026-03-22,Udemy,Education,DEBIT,7083.12,UPI,SUCCESS
TXN-201506,CUST-1004,2026-07-11,Swiggy,Food & Dining,DEBIT,5389.76,Debit Card,SUCCESS
TXN-201507,CUST-1103,2026-06-02,IRCTC,Travel,DEBIT,2830.01,Credit Card,SUCCESS
TXN-201508,CUST-1091,2026-01-17,Uber,Travel,DEBIT,5326.28,Debit Card,SUCCESS
TXN-201509,CUST-1020,2026-06-02,Amazon,Shopping,DEBIT,4571.48,Credit Card,SUCCESS
TXN-201510,CUST-1015,2026-02-01,Domino's,Food & Dining,DEBIT,3659.57,Credit Card,SUCCESS
TXN-201511,CUST-1097,2026-06-08,Indane Gas,Bills & Utilities,DEBIT,3549.87,Net Banking,SUCCESS
TXN-201512,CUST-1100,2026-02-28,Amazon,Shopping,DEBIT,7086.74,Credit Card,SUCCESS
TXN-201513,CUST-1002,2026-06-21,Zomato,Food & Dining,DEBIT,5512.97,Debit Card,SUCCESS
TXN-201514,CUST-1042,2026-01-17,Jio,Bills & Utilities,DEBIT,3967.85,Debit Card,SUCCESS
TXN-201515,CUST-1085,2026-03-12,Indane Gas,Bills & Utilities,DEBIT,1293.88,Credit Card,SUCCESS
TXN-201516,CUST-1092,2026-07-14,Metro,Travel,DEBIT,834.51,Net Banking,SUCCESS
TXN-201517,CUST-1032,2026-02-03,Bookstore,Education,DEBIT,4232.5,Debit Card,SUCCESS
TXN-201518,CUST-1005,2026-05-02,Haldiram's,Food & Dining,DEBIT,7703.12,UPI,SUCCESS
TXN-201519,CUST-1069,2026-05-22,Ola,Travel,DEBIT,6740.36,Debit Card,SUCCESS
TXN-201520,CUST-1106,2026-04-21,Swiggy,Food & Dining,DEBIT,2624.63,Net Banking,SUCCESS
TXN-201521,CUST-1051,2026-06-28,Airtel,Bills & Utilities,DEBIT,4237.75,UPI,SUCCESS
TXN-201522,CUST-1092,2026-07-06,IRCTC,Travel,DEBIT,4618.52,Credit Card,SUCCESS
TXN-201523,CUST-1002,2026-06-24,Electricity Board,Bills & Utilities,DEBIT,1391.23,Net Banking,SUCCESS
TXN-201524,CUST-1037,2026-07-17,Haldiram's,Food & Dining,DEBIT,3200.91,Net Banking,SUCCESS
TXN-201525,CUST-1094,2026-02-28,Ola,Travel,DEBIT,3357.76,UPI,SUCCESS
TXN-201526,CUST-1012,2026-06-12,IRCTC,Travel,DEBIT,7842.23,Net Banking,SUCCESS
TXN-201527,CUST-1044,2026-01-18,Blinkit,Food & Dining,DEBIT,1270.57,Debit Card,SUCCESS
TXN-201528,CUST-1042,2026-03-11,MedPlus,Healthcare,DEBIT,4191.24,Credit Card,SUCCESS
TXN-201529,CUST-1091,2026-01-22,Ajio,Shopping,DEBIT,4347.07,Credit Card,SUCCESS
TXN-201530,CUST-1003,2026-04-01,Jio,Bills & Utilities,DEBIT,3981.22,UPI,SUCCESS
TXN-201531,CUST-1059,2026-02-12,Decathlon,Shopping,DEBIT,4031.37,Credit Card,SUCCESS
TXN-201532,CUST-1081,2026-04-29,Electricity Board,Bills & Utilities,DEBIT,530.21,Credit Card,SUCCESS
TXN-201533,CUST-1038,2026-06-08,Amazon,Shopping,DEBIT,4666.91,Credit Card,SUCCESS
TXN-201534,CUST-1017,2026-02-10,Bookstore,Education,DEBIT,1876.89,Debit Card,SUCCESS
TXN-201535,CUST-1087,2026-08-04,Croma,Shopping,DEBIT,7095.73,UPI,SUCCESS
TXN-201536,CUST-1040,2026-01-05,Haldiram's,Food & Dining,DEBIT,1157.31,Net Banking,SUCCESS
TXN-201537,CUST-1088,2026-04-29,Airtel,Bills & Utilities,DEBIT,3422.19,Debit Card,SUCCESS
TXN-201538,CUST-1114,2026-02-08,MedPlus,Healthcare,DEBIT,1207.03,Debit Card,SUCCESS
TXN-201539,CUST-1111,2026-06-28,Swiggy,Food & Dining,DEBIT,5946.06,Credit Card,SUCCESS
TXN-201540,CUST-1042,2026-07-08,Flipkart,Shopping,DEBIT,122.61,UPI,PENDING
TXN-201541,CUST-1076,2026-06-08,Flipkart,Shopping,DEBIT,1857.23,Net Banking,SUCCESS
TXN-201542,CUST-1092,2026-02-26,Haldiram's,Food & Dining,DEBIT,4776.55,Net Banking,SUCCESS
TXN-201543,CUST-1108,2026-07-05,Haldiram's,Food & Dining,DEBIT,1844.08,UPI,SUCCESS
TXN-201544,CUST-1108,2026-04-19,Electricity Board,Bills & Utilities,DEBIT,6065.56,Debit Card,SUCCESS
TXN-201545,CUST-1050,2026-07-06,Ola,Travel,DEBIT,155.41,Credit Card,SUCCESS
TXN-201546,CUST-1005,2026-01-01,Domino's,Food & Dining,DEBIT,3711.35,Credit Card,SUCCESS
TXN-201547,CUST-1002,2026-04-03,BookMyShow,Entertainment,DEBIT,3956.62,UPI,SUCCESS
TXN-201548,CUST-1062,2026-05-26,Indane Gas,Bills & Utilities,DEBIT,1367.16,Net Banking,SUCCESS
TXN-201549,CUST-1087,2026-05-02,Metro,Travel,DEBIT,7165.08,Net Banking,SUCCESS
TXN-201550,CUST-1088,2026-07-18,Blinkit,Food & Dining,DEBIT,6622.71,UPI,SUCCESS
TXN-201551,CUST-1049,2026-07-10,BookMyShow,Entertainment,DEBIT,6886.29,UPI,SUCCESS
TXN-201552,CUST-1009,2026-03-14,1mg,Healthcare,DEBIT,7981.44,Net Banking,SUCCESS
TXN-201553,CUST-1080,2026-07-12,Amazon,Shopping,DEBIT,1638.37,Debit Card,SUCCESS
TXN-201554,CUST-1060,2026-02-25,Rapido,Travel,DEBIT,7800.49,Net Banking,SUCCESS
TXN-201555,CUST-1081,2026-04-20,Coursera,Education,DEBIT,7813.14,Debit Card,SUCCESS
TXN-201556,CUST-1077,2026-01-11,Croma,Shopping,DEBIT,5236.27,Credit Card,SUCCESS
TXN-201557,CUST-1108,2026-06-23,Haldiram's,Food & Dining,DEBIT,4726.23,UPI,SUCCESS
TXN-201558,CUST-1003,2026-01-02,Croma,Shopping,DEBIT,700.17,Debit Card,SUCCESS
TXN-201559,CUST-1063,2026-08-16,Water Bill,Bills & Utilities,DEBIT,3184.64,Debit Card,SUCCESS
TXN-201560,CUST-1118,2026-04-18,Flipkart,Shopping,DEBIT,1314.93,Debit Card,SUCCESS
TXN-201561,CUST-1011,2026-01-16,Starbucks,Food & Dining,DEBIT,4115.1,Credit Card,SUCCESS
TXN-201562,CUST-1049,2026-02-04,PharmEasy,Healthcare,DEBIT,6323.03,Credit Card,SUCCESS
TXN-201563,CUST-1058,2026-05-16,Jio,Bills & Utilities,DEBIT,7824.67,Credit Card,SUCCESS
TXN-201564,CUST-1070,2026-03-13,Swiggy,Food & Dining,DEBIT,2668.47,Credit Card,SUCCESS
TXN-201565,CUST-1025,2026-04-03,Training Institute,Education,DEBIT,1650.78,UPI,SUCCESS
TXN-201566,CUST-1099,2026-05-29,Croma,Shopping,DEBIT,5430.85,Net Banking,SUCCESS
TXN-201567,CUST-1053,2026-04-18,IRCTC,Travel,DEBIT,7267.55,Net Banking,SUCCESS
TXN-201568,CUST-1021,2026-01-03,YouTube Premium,Entertainment,DEBIT,7962.01,Debit Card,SUCCESS
TXN-201569,CUST-1033,2026-02-24,Amazon,Shopping,DEBIT,394.9,UPI,SUCCESS
TXN-201570,CUST-1088,2026-03-23,Ola,Travel,DEBIT,3673.44,UPI,SUCCESS
TXN-201571,CUST-1101,2026-06-13,Decathlon,Shopping,DEBIT,4326.25,Credit Card,SUCCESS
TXN-201572,CUST-1014,2026-05-29,Ola,Travel,DEBIT,6781.38,Credit Card,SUCCESS
TXN-201573,CUST-1020,2026-01-17,Blinkit,Food & Dining,DEBIT,877.41,Net Banking,SUCCESS
TXN-201574,CUST-1112,2026-01-15,Bookstore,Education,DEBIT,7033.07,UPI,SUCCESS
TXN-201575,CUST-1059,2026-07-12,Bookstore,Education,DEBIT,4135.99,Net Banking,PENDING
TXN-201576,CUST-1115,2026-08-03,YouTube Premium,Entertainment,DEBIT,4549.4,Credit Card,SUCCESS
TXN-201577,CUST-1116,2026-04-21,1mg,Healthcare,DEBIT,755.65,Debit Card,SUCCESS
TXN-201578,CUST-1075,2026-02-26,Croma,Shopping,DEBIT,6208.88,UPI,SUCCESS
TXN-201579,CUST-1083,2026-06-14,Blinkit,Food & Dining,DEBIT,5454.35,Debit Card,SUCCESS
TXN-201580,CUST-1043,2026-05-24,Flipkart,Shopping,DEBIT,3211.93,Net Banking,SUCCESS
TXN-201581,CUST-1063,2026-07-06,Amazon,Shopping,DEBIT,6267.29,Debit Card,SUCCESS
TXN-201582,CUST-1063,2026-06-28,Croma,Shopping,DEBIT,511.1,Net Banking,SUCCESS
TXN-201583,CUST-1115,2026-07-04,IRCTC,Travel,DEBIT,4018.98,Credit Card,SUCCESS
TXN-201584,CUST-1093,2026-01-13,Coursera,Education,DEBIT,3998.42,Credit Card,SUCCESS
TXN-201585,CUST-1010,2026-05-22,Apollo Pharmacy,Healthcare,DEBIT,4809.15,Net Banking,SUCCESS
TXN-201586,CUST-1014,2026-04-27,Croma,Shopping,DEBIT,2638.64,UPI,SUCCESS
TXN-201587,CUST-1014,2026-07-29,MedPlus,Healthcare,DEBIT,3638.2,UPI,SUCCESS
TXN-201588,CUST-1030,2026-05-30,Spotify,Entertainment,DEBIT,3639.61,Debit Card,SUCCESS
TXN-201589,CUST-1095,2026-02-01,Uber,Travel,DEBIT,5945.04,UPI,SUCCESS
TXN-201590,CUST-1049,2026-02-11,Jio,Bills & Utilities,DEBIT,6074.23,UPI,SUCCESS
TXN-201591,CUST-1041,2026-02-14,Training Institute,Education,DEBIT,2788.72,UPI,SUCCESS
TXN-201592,CUST-1012,2026-07-13,Swiggy,Food & Dining,DEBIT,137.03,Net Banking,SUCCESS
TXN-201593,CUST-1015,2026-04-29,BookMyShow,Entertainment,DEBIT,5021.37,UPI,SUCCESS
TXN-201594,CUST-1062,2026-08-03,Jio,Bills & Utilities,DEBIT,4840.76,UPI,SUCCESS
TXN-201595,CUST-1005,2026-08-06,YouTube Premium,Entertainment,DEBIT,6804.68,Net Banking,SUCCESS
TXN-201596,CUST-1027,2026-01-26,Starbucks,Food & Dining,DEBIT,1210.47,Debit Card,SUCCESS
TXN-201597,CUST-1030,2026-04-01,Airtel,Bills & Utilities,DEBIT,3527.94,UPI,SUCCESS
TXN-201598,CUST-1019,2026-03-14,Ajio,Shopping,DEBIT,7381.06,Credit Card,SUCCESS
TXN-201599,CUST-1010,2026-06-11,1mg,Healthcare,DEBIT,4803.43,Credit Card,SUCCESS
TXN-201600,CUST-1042,2026-07-17,Croma,Shopping,DEBIT,2329.93,UPI,SUCCESS
TXN-201601,CUST-1015,2026-04-07,Metro,Travel,DEBIT,3639.7,UPI,SUCCESS
TXN-201602,CUST-1025,2026-04-12,Airtel,Bills & Utilities,DEBIT,3247.04,Credit Card,SUCCESS
TXN-201603,CUST-1049,2026-01-28,Ajio,Shopping,DEBIT,1771.69,Net Banking,SUCCESS
TXN-201604,CUST-1072,2026-04-20,MedPlus,Healthcare,DEBIT,7146.16,Credit Card,SUCCESS
TXN-201605,CUST-1005,2026-06-20,Decathlon,Shopping,DEBIT,5245.89,Debit Card,SUCCESS
TXN-201606,CUST-1068,2026-07-30,Blinkit,Food & Dining,DEBIT,5364.74,UPI,SUCCESS
TXN-201607,CUST-1040,2026-08-09,Indane Gas,Bills & Utilities,DEBIT,2303.69,Net Banking,SUCCESS
TXN-201608,CUST-1039,2026-04-27,Training Institute,Education,DEBIT,4595.87,Credit Card,SUCCESS
TXN-201609,CUST-1111,2026-07-11,Uber,Travel,DEBIT,7385.05,UPI,SUCCESS
TXN-201610,CUST-1045,2026-01-30,Zomato,Food & Dining,DEBIT,3160.71,Net Banking,SUCCESS
TXN-201611,CUST-1065,2026-07-11,Starbucks,Food & Dining,DEBIT,1014.17,UPI,SUCCESS
TXN-201612,CUST-1015,2026-07-14,Blinkit,Food & Dining,DEBIT,5305.69,Debit Card,SUCCESS
TXN-201613,CUST-1022,2026-04-27,Jio,Bills & Utilities,DEBIT,7276.18,Credit Card,SUCCESS
TXN-201614,CUST-1055,2026-07-31,Metro,Travel,DEBIT,5251.64,Credit Card,SUCCESS
TXN-201615,CUST-1022,2026-02-03,Decathlon,Shopping,DEBIT,3704.22,Debit Card,SUCCESS
TXN-201616,CUST-1094,2026-05-20,Swiggy,Food & Dining,DEBIT,1783.05,UPI,SUCCESS
TXN-201617,CUST-1026,2026-05-16,Indane Gas,Bills & Utilities,DEBIT,4438.64,Debit Card,SUCCESS
TXN-201618,CUST-1080,2026-04-12,Spotify,Entertainment,DEBIT,6498.98,Net Banking,SUCCESS
TXN-201619,CUST-1068,2026-01-14,Rapido,Travel,DEBIT,7227.29,UPI,SUCCESS
TXN-201620,CUST-1059,2026-06-08,BookMyShow,Entertainment,DEBIT,3282.05,Net Banking,SUCCESS
TXN-201621,CUST-1051,2026-01-21,MedPlus,Healthcare,DEBIT,1656.53,Credit Card,SUCCESS
TXN-201622,CUST-1067,2026-03-08,Croma,Shopping,DEBIT,4096.57,Credit Card,PENDING
TXN-201623,CUST-1076,2026-05-26,Spotify,Entertainment,DEBIT,5639.77,Net Banking,SUCCESS
TXN-201624,CUST-1008,2026-07-13,Domino's,Food & Dining,DEBIT,3312.81,Credit Card,SUCCESS
TXN-201625,CUST-1054,2026-03-27,Blinkit,Food & Dining,DEBIT,2773.71,Credit Card,SUCCESS
TXN-201626,CUST-1102,2026-02-16,MedPlus,Healthcare,DEBIT,1478.5,Credit Card,PENDING
TXN-201627,CUST-1089,2026-06-30,Starbucks,Food & Dining,DEBIT,3744.42,UPI,SUCCESS
TXN-201628,CUST-1097,2026-04-20,Croma,Shopping,DEBIT,5744.29,Net Banking,SUCCESS
TXN-201629,CUST-1090,2026-07-15,Indane Gas,Bills & Utilities,DEBIT,1355.84,UPI,SUCCESS
TXN-201630,CUST-1113,2026-06-26,Domino's,Food & Dining,DEBIT,5910.65,Credit Card,SUCCESS
TXN-201631,CUST-1095,2026-08-08,Metro,Travel,DEBIT,6277.2,Credit Card,SUCCESS
TXN-201632,CUST-1104,2026-03-26,MakeMyTrip,Travel,DEBIT,1136.41,Debit Card,SUCCESS
TXN-201633,CUST-1022,2026-05-14,Spotify,Entertainment,DEBIT,2397.49,UPI,SUCCESS
TXN-201634,CUST-1051,2026-08-03,Metro,Travel,DEBIT,6401.7,UPI,SUCCESS
TXN-201635,CUST-1071,2026-01-06,BookMyShow,Entertainment,DEBIT,1170.55,Debit Card,SUCCESS
TXN-201636,CUST-1115,2026-06-22,Amazon,Shopping,DEBIT,7722.53,Debit Card,SUCCESS
TXN-201637,CUST-1036,2026-05-05,Electricity Board,Bills & Utilities,DEBIT,7733.22,Credit Card,SUCCESS
TXN-201638,CUST-1076,2026-06-02,Airtel,Bills & Utilities,DEBIT,3315.17,Net Banking,SUCCESS
TXN-201639,CUST-1013,2026-07-03,Decathlon,Shopping,DEBIT,6636.02,UPI,SUCCESS
TXN-201640,CUST-1025,2026-03-28,Coursera,Education,DEBIT,6531.61,Net Banking,SUCCESS
TXN-201641,CUST-1055,2026-07-29,Zomato,Food & Dining,DEBIT,4838.65,UPI,SUCCESS
TXN-201642,CUST-1113,2026-05-28,Flipkart,Shopping,DEBIT,3792.29,Debit Card,SUCCESS
TXN-201643,CUST-1084,2026-07-01,Domino's,Food & Dining,DEBIT,3556.38,Debit Card,SUCCESS
TXN-201644,CUST-1065,2026-03-09,Jio,Bills & Utilities,DEBIT,541.64,Credit Card,SUCCESS
TXN-201645,CUST-1050,2026-01-13,Haldiram's,Food & Dining,DEBIT,4520.41,Credit Card,SUCCESS
TXN-201646,CUST-1009,2026-06-30,MedPlus,Healthcare,DEBIT,7259.58,UPI,SUCCESS
TXN-201647,CUST-1104,2026-05-20,Blinkit,Food & Dining,DEBIT,1694.04,Credit Card,SUCCESS
TXN-201648,CUST-1113,2026-03-22,Starbucks,Food & Dining,DEBIT,5294.05,Credit Card,SUCCESS
TXN-201649,CUST-1094,2026-03-24,Rapido,Travel,DEBIT,1982.47,Credit Card,SUCCESS
TXN-201650,CUST-1094,2026-03-29,Water Bill,Bills & Utilities,DEBIT,4108.28,Net Banking,SUCCESS
TXN-201651,CUST-1061,2026-06-13,Airtel,Bills & Utilities,DEBIT,2449.09,Debit Card,SUCCESS
TXN-201652,CUST-1092,2026-05-15,Water Bill,Bills & Utilities,DEBIT,7311.39,Net Banking,SUCCESS
TXN-201653,CUST-1033,2026-03-29,YouTube Premium,Entertainment,DEBIT,3963.32,Net Banking,SUCCESS
TXN-201654,CUST-1052,2026-02-28,Haldiram's,Food & Dining,DEBIT,2546.76,UPI,SUCCESS
TXN-201655,CUST-1007,2026-05-26,Uber,Travel,DEBIT,6981.37,Debit Card,SUCCESS
TXN-201656,CUST-1049,2026-08-16,Blinkit,Food & Dining,DEBIT,3776.87,Credit Card,SUCCESS
TXN-201657,CUST-1081,2026-04-23,Airtel,Bills & Utilities,DEBIT,200.88,Net Banking,SUCCESS
TXN-201658,CUST-1001,2026-02-27,Domino's,Food & Dining,DEBIT,5965.66,Credit Card,SUCCESS
TXN-201659,CUST-1105,2026-05-27,Domino's,Food & Dining,DEBIT,4375.9,UPI,SUCCESS
TXN-201660,CUST-1013,2026-08-16,Water Bill,Bills & Utilities,DEBIT,2209.28,Debit Card,SUCCESS
TXN-201661,CUST-1097,2026-07-29,Ajio,Shopping,DEBIT,5880.22,UPI,SUCCESS
TXN-201662,CUST-1092,2026-06-15,Swiggy,Food & Dining,DEBIT,1765.41,Credit Card,SUCCESS
TXN-201663,CUST-1087,2026-05-16,Croma,Shopping,DEBIT,3338.17,Credit Card,SUCCESS
TXN-201664,CUST-1057,2026-06-08,Electricity Board,Bills & Utilities,DEBIT,1434.22,Credit Card,SUCCESS
TXN-201665,CUST-1088,2026-07-06,Decathlon,Shopping,DEBIT,1497.26,Net Banking,SUCCESS
TXN-201666,CUST-1022,2026-07-17,Croma,Shopping,DEBIT,3083.05,Debit Card,SUCCESS
TXN-201667,CUST-1106,2026-07-30,Jio,Bills & Utilities,DEBIT,4575.08,Debit Card,SUCCESS
TXN-201668,CUST-1083,2026-08-01,Airtel,Bills & Utilities,DEBIT,2500.8,Debit Card,SUCCESS
TXN-201669,CUST-1065,2026-03-24,Decathlon,Shopping,DEBIT,1062.58,UPI,SUCCESS
TXN-201670,CUST-1086,2026-01-04,PharmEasy,Healthcare,DEBIT,4828.73,Credit Card,SUCCESS
TXN-201671,CUST-1045,2026-08-16,Starbucks,Food & Dining,DEBIT,5094.34,Net Banking,SUCCESS
TXN-201672,CUST-1033,2026-01-06,Ajio,Shopping,DEBIT,4903.03,Credit Card,SUCCESS
TXN-201673,CUST-1053,2026-06-22,Apollo Pharmacy,Healthcare,DEBIT,1008.13,UPI,SUCCESS
TXN-201674,CUST-1057,2026-05-03,Flipkart,Shopping,DEBIT,336.68,UPI,SUCCESS
TXN-201675,CUST-1007,2026-05-03,PharmEasy,Healthcare,DEBIT,2641.92,Net Banking,SUCCESS
TXN-201676,CUST-1083,2026-05-13,Domino's,Food & Dining,DEBIT,5150.17,Net Banking,SUCCESS
TXN-201677,CUST-1056,2026-03-17,Electricity Board,Bills & Utilities,DEBIT,1938.52,UPI,SUCCESS
TXN-201678,CUST-1096,2026-03-13,Haldiram's,Food & Dining,DEBIT,6529.22,UPI,SUCCESS
TXN-201679,CUST-1081,2026-01-14,YouTube Premium,Entertainment,DEBIT,945.87,UPI,SUCCESS
TXN-201680,CUST-1099,2026-04-01,Ajio,Shopping,DEBIT,4821.41,UPI,SUCCESS
TXN-201681,CUST-1023,2026-06-17,Haldiram's,Food & Dining,DEBIT,3357.03,Net Banking,SUCCESS
TXN-201682,CUST-1105,2026-05-10,Croma,Shopping,DEBIT,3485.88,Debit Card,SUCCESS
TXN-201683,CUST-1113,2026-06-30,Starbucks,Food & Dining,DEBIT,435.46,Credit Card,SUCCESS
TXN-201684,CUST-1005,2026-01-29,Metro,Travel,DEBIT,2722.37,Debit Card,SUCCESS
TXN-201685,CUST-1090,2026-05-20,Amazon,Shopping,DEBIT,5616.34,Net Banking,SUCCESS
TXN-201686,CUST-1060,2026-07-23,Amazon,Shopping,DEBIT,5749.23,Debit Card,SUCCESS
TXN-201687,CUST-1114,2026-04-03,Myntra,Shopping,DEBIT,1245.59,UPI,SUCCESS
TXN-201688,CUST-1057,2026-04-23,Swiggy,Food & Dining,DEBIT,1681.7,UPI,SUCCESS
TXN-201689,CUST-1081,2026-01-13,Swiggy,Food & Dining,DEBIT,1205.94,Credit Card,SUCCESS
TXN-201690,CUST-1084,2026-01-16,Spotify,Entertainment,DEBIT,2397.2,UPI,SUCCESS
TXN-201691,CUST-1081,2026-07-13,Indane Gas,Bills & Utilities,DEBIT,965.97,Credit Card,SUCCESS
TXN-201692,CUST-1101,2026-04-07,Blinkit,Food & Dining,DEBIT,7180.31,Net Banking,SUCCESS
TXN-201693,CUST-1063,2026-06-15,MakeMyTrip,Travel,DEBIT,7535.77,Credit Card,SUCCESS
TXN-201694,CUST-1054,2026-02-24,Blinkit,Food & Dining,DEBIT,1948.3,Credit Card,SUCCESS
TXN-201695,CUST-1032,2026-04-02,Flipkart,Shopping,DEBIT,6603.55,Credit Card,SUCCESS
TXN-201696,CUST-1086,2026-02-10,Ajio,Shopping,DEBIT,4237.31,Debit Card,SUCCESS
TXN-201697,CUST-1031,2026-03-08,Uber,Travel,DEBIT,7415.43,Net Banking,SUCCESS
TXN-201698,CUST-1069,2026-03-22,PharmEasy,Healthcare,DEBIT,7178.65,UPI,SUCCESS
TXN-201699,CUST-1104,2026-03-10,Starbucks,Food & Dining,DEBIT,3404.64,Net Banking,SUCCESS
TXN-201700,CUST-1058,2026-02-03,Amazon,Shopping,DEBIT,2521.57,UPI,SUCCESS
TXN-201701,CUST-1046,2026-03-27,Haldiram's,Food & Dining,DEBIT,2738.16,Net Banking,SUCCESS
TXN-201702,CUST-1112,2026-05-27,MakeMyTrip,Travel,DEBIT,1622.62,Credit Card,SUCCESS
TXN-201703,CUST-1059,2026-03-25,Water Bill,Bills & Utilities,DEBIT,4245.62,Net Banking,SUCCESS
TXN-201704,CUST-1017,2026-01-06,Starbucks,Food & Dining,DEBIT,5764.6,UPI,SUCCESS
TXN-201705,CUST-1041,2026-04-25,Ola,Travel,DEBIT,3323.81,Credit Card,SUCCESS
TXN-201706,CUST-1060,2026-04-04,Indane Gas,Bills & Utilities,DEBIT,7930.25,Credit Card,SUCCESS
TXN-201707,CUST-1075,2026-07-09,Ola,Travel,DEBIT,3420.73,UPI,SUCCESS
TXN-201708,CUST-1032,2026-06-23,1mg,Healthcare,DEBIT,2111.81,Credit Card,SUCCESS
TXN-201709,CUST-1005,2026-05-16,Netflix,Entertainment,DEBIT,6737.56,Debit Card,SUCCESS
TXN-201710,CUST-1095,2026-07-30,Rapido,Travel,DEBIT,1506.8,UPI,SUCCESS
TXN-201711,CUST-1052,2026-08-04,Uber,Travel,DEBIT,6126.73,Credit Card,SUCCESS
TXN-201712,CUST-1078,2026-02-17,Zomato,Food & Dining,DEBIT,5213.36,Debit Card,SUCCESS
TXN-201713,CUST-1071,2026-03-03,Starbucks,Food & Dining,DEBIT,1352.66,Net Banking,SUCCESS
TXN-201714,CUST-1111,2026-07-07,Haldiram's,Food & Dining,DEBIT,920.99,Debit Card,SUCCESS
TXN-201715,CUST-1056,2026-07-21,Apollo Pharmacy,Healthcare,DEBIT,7421.33,Credit Card,SUCCESS
TXN-201716,CUST-1063,2026-05-17,Haldiram's,Food & Dining,DEBIT,1241.15,Debit Card,SUCCESS
TXN-201717,CUST-1079,2026-06-29,Zomato,Food & Dining,DEBIT,3322.39,Net Banking,SUCCESS
TXN-201718,CUST-1019,2026-05-03,Amazon,Shopping,DEBIT,905.14,Credit Card,SUCCESS
TXN-201719,CUST-1055,2026-03-17,Bookstore,Education,DEBIT,3255.28,Debit Card,SUCCESS
TXN-201720,CUST-1089,2026-04-16,BookMyShow,Entertainment,DEBIT,6562.11,Debit Card,SUCCESS
TXN-201721,CUST-1084,2026-02-27,Blinkit,Food & Dining,DEBIT,4410.6,Credit Card,SUCCESS
TXN-201722,CUST-1078,2026-01-07,Haldiram's,Food & Dining,DEBIT,3396.52,Debit Card,SUCCESS
TXN-201723,CUST-1103,2026-02-13,Zomato,Food & Dining,DEBIT,6113.23,Net Banking,SUCCESS
TXN-201724,CUST-1018,2026-01-15,Domino's,Food & Dining,DEBIT,5600.79,Credit Card,SUCCESS
TXN-201725,CUST-1035,2026-01-11,Ajio,Shopping,DEBIT,1387.87,Net Banking,SUCCESS
TXN-201726,CUST-1107,2026-02-09,Zomato,Food & Dining,DEBIT,2831.15,Debit Card,SUCCESS
TXN-201727,CUST-1017,2026-05-24,Amazon,Shopping,DEBIT,1569.55,Net Banking,SUCCESS
TXN-201728,CUST-1022,2026-04-22,Flipkart,Shopping,DEBIT,5143.53,Debit Card,SUCCESS
TXN-201729,CUST-1118,2026-01-16,Spotify,Entertainment,DEBIT,6934.73,Debit Card,SUCCESS
TXN-201730,CUST-1065,2026-03-21,Swiggy,Food & Dining,DEBIT,4168.52,UPI,SUCCESS
TXN-201731,CUST-1033,2026-03-08,Spotify,Entertainment,DEBIT,539.86,Net Banking,SUCCESS
TXN-201732,CUST-1063,2026-04-18,BookMyShow,Entertainment,DEBIT,5567.9,UPI,SUCCESS
TXN-201733,CUST-1060,2026-05-24,Myntra,Shopping,DEBIT,5220.5,Net Banking,SUCCESS
TXN-201734,CUST-1084,2026-04-01,Ola,Travel,DEBIT,7672.56,UPI,SUCCESS
TXN-201735,CUST-1092,2026-06-04,Swiggy,Food & Dining,DEBIT,7888.3,Net Banking,SUCCESS
TXN-201736,CUST-1064,2026-02-07,Indane Gas,Bills & Utilities,DEBIT,7285.93,Credit Card,SUCCESS
TXN-201737,CUST-1053,2026-06-05,Netflix,Entertainment,DEBIT,1026.45,Net Banking,SUCCESS
TXN-201738,CUST-1100,2026-05-21,Myntra,Shopping,DEBIT,4862.31,UPI,SUCCESS
TXN-201739,CUST-1075,2026-07-23,Croma,Shopping,DEBIT,7786.9,Credit Card,SUCCESS
TXN-201740,CUST-1080,2026-01-05,Rapido,Travel,DEBIT,3373.92,Debit Card,SUCCESS
TXN-201741,CUST-1025,2026-04-21,Jio,Bills & Utilities,DEBIT,4571.75,Debit Card,SUCCESS
TXN-201742,CUST-1029,2026-05-19,YouTube Premium,Entertainment,DEBIT,546.37,Debit Card,SUCCESS
TXN-201743,CUST-1078,2026-07-12,Jio,Bills & Utilities,DEBIT,7394.5,Debit Card,SUCCESS
TXN-201744,CUST-1045,2026-03-30,Metro,Travel,DEBIT,3230.04,Net Banking,SUCCESS
TXN-201745,CUST-1089,2026-04-02,Croma,Shopping,DEBIT,4583.14,Credit Card,SUCCESS
TXN-201746,CUST-1039,2026-05-06,Swiggy,Food & Dining,DEBIT,1621.64,UPI,SUCCESS
TXN-201747,CUST-1068,2026-01-31,Domino's,Food & Dining,DEBIT,5891.79,UPI,SUCCESS
TXN-201748,CUST-1044,2026-01-01,Domino's,Food & Dining,DEBIT,6956.48,UPI,SUCCESS
TXN-201749,CUST-1107,2026-06-12,Amazon,Shopping,DEBIT,2540.89,Net Banking,SUCCESS
TXN-201750,CUST-1078,2026-01-02,Blinkit,Food & Dining,DEBIT,7776.94,Credit Card,SUCCESS
TXN-201751,CUST-1036,2026-06-01,1mg,Healthcare,DEBIT,6195.66,Debit Card,PENDING
TXN-201752,CUST-1074,2026-04-28,BookMyShow,Entertainment,DEBIT,7350.16,Net Banking,SUCCESS
TXN-201753,CUST-1036,2026-03-11,Starbucks,Food & Dining,DEBIT,7010.92,Credit Card,SUCCESS
TXN-201754,CUST-1073,2026-08-04,YouTube Premium,Entertainment,DEBIT,2484.42,UPI,SUCCESS
TXN-201755,CUST-1037,2026-06-03,Netflix,Entertainment,DEBIT,2313.46,Net Banking,SUCCESS
TXN-201756,CUST-1105,2026-06-23,MedPlus,Healthcare,DEBIT,2359.83,UPI,SUCCESS
TXN-201757,CUST-1025,2026-01-27,Starbucks,Food & Dining,DEBIT,3273.7,Debit Card,SUCCESS
TXN-201758,CUST-1001,2026-08-07,Amazon,Shopping,DEBIT,4947.19,UPI,SUCCESS
TXN-201759,CUST-1061,2026-04-18,Domino's,Food & Dining,DEBIT,4988.79,Net Banking,SUCCESS
TXN-201760,CUST-1021,2026-08-03,Amazon,Shopping,DEBIT,7462.67,Net Banking,SUCCESS
TXN-201761,CUST-1097,2026-05-20,Swiggy,Food & Dining,DEBIT,1427.96,Debit Card,SUCCESS
TXN-201762,CUST-1111,2026-05-20,Domino's,Food & Dining,DEBIT,2729.04,Net Banking,SUCCESS
TXN-201763,CUST-1067,2026-06-29,Zomato,Food & Dining,DEBIT,4836.95,Credit Card,SUCCESS
TXN-201764,CUST-1019,2026-06-05,Croma,Shopping,DEBIT,3383.25,Credit Card,SUCCESS
TXN-201765,CUST-1025,2026-06-24,Ajio,Shopping,DEBIT,655.63,Net Banking,SUCCESS
TXN-201766,CUST-1010,2026-03-01,Rapido,Travel,DEBIT,415.52,Credit Card,SUCCESS
TXN-201767,CUST-1069,2026-03-18,Haldiram's,Food & Dining,DEBIT,6210.66,Net Banking,SUCCESS
TXN-201768,CUST-1002,2026-05-21,Rapido,Travel,DEBIT,3902.11,Credit Card,SUCCESS
TXN-201769,CUST-1012,2026-06-28,Swiggy,Food & Dining,DEBIT,2347.42,UPI,SUCCESS
TXN-201770,CUST-1015,2026-01-23,Ola,Travel,DEBIT,6070.92,Net Banking,SUCCESS
TXN-201771,CUST-1102,2026-01-06,Flipkart,Shopping,DEBIT,5469.3,UPI,SUCCESS
TXN-201772,CUST-1096,2026-07-18,Haldiram's,Food & Dining,DEBIT,3027.65,Debit Card,SUCCESS
TXN-201773,CUST-1016,2026-06-20,Bookstore,Education,DEBIT,5359.84,Net Banking,SUCCESS
TXN-201774,CUST-1041,2026-04-16,Decathlon,Shopping,DEBIT,5595.69,Debit Card,PENDING
TXN-201775,CUST-1029,2026-03-23,Jio,Bills & Utilities,DEBIT,2686.7,Credit Card,SUCCESS
TXN-201776,CUST-1013,2026-02-07,1mg,Healthcare,DEBIT,2217.72,Net Banking,SUCCESS
TXN-201777,CUST-1093,2026-01-19,Zomato,Food & Dining,DEBIT,6519.88,UPI,SUCCESS
TXN-201778,CUST-1001,2026-06-01,BookMyShow,Entertainment,DEBIT,2371.09,Net Banking,SUCCESS
TXN-201779,CUST-1087,2026-03-29,Water Bill,Bills & Utilities,DEBIT,3529.48,Credit Card,SUCCESS
TXN-201780,CUST-1119,2026-03-06,Croma,Shopping,DEBIT,4280.25,Net Banking,SUCCESS
TXN-201781,CUST-1110,2026-05-04,Coursera,Education,DEBIT,7988.53,Credit Card,SUCCESS
TXN-201782,CUST-1105,2026-06-16,Coursera,Education,DEBIT,4477.48,Credit Card,SUCCESS
TXN-201783,CUST-1055,2026-06-15,Myntra,Shopping,DEBIT,3515.7,Credit Card,SUCCESS
TXN-201784,CUST-1014,2026-05-24,Metro,Travel,DEBIT,6325.7,Debit Card,SUCCESS
TXN-201785,CUST-1061,2026-01-15,Swiggy,Food & Dining,DEBIT,5433.07,Net Banking,SUCCESS
TXN-201786,CUST-1006,2026-01-19,Ola,Travel,DEBIT,524.27,Credit Card,SUCCESS
TXN-201787,CUST-1044,2026-04-25,Jio,Bills & Utilities,DEBIT,4255.78,Net Banking,SUCCESS
TXN-201788,CUST-1091,2026-03-26,Haldiram's,Food & Dining,DEBIT,6190.23,Net Banking,SUCCESS
TXN-201789,CUST-1004,2026-03-09,Amazon,Shopping,DEBIT,1716.75,Debit Card,SUCCESS
TXN-201790,CUST-1115,2026-03-15,YouTube Premium,Entertainment,DEBIT,2812.62,UPI,SUCCESS
TXN-201791,CUST-1024,2026-05-16,Amazon,Shopping,DEBIT,1862.81,UPI,SUCCESS
TXN-201792,CUST-1054,2026-03-02,Rapido,Travel,DEBIT,1815.17,UPI,SUCCESS
TXN-201793,CUST-1039,2026-03-27,Electricity Board,Bills & Utilities,DEBIT,3813.42,Debit Card,SUCCESS
TXN-201794,CUST-1116,2026-02-01,Swiggy,Food & Dining,DEBIT,7589.66,Net Banking,SUCCESS
TXN-201795,CUST-1045,2026-02-21,Ajio,Shopping,DEBIT,7760.48,Net Banking,SUCCESS
TXN-201796,CUST-1056,2026-05-09,Apollo Pharmacy,Healthcare,DEBIT,7358.63,Credit Card,SUCCESS
TXN-201797,CUST-1028,2026-06-26,Bookstore,Education,DEBIT,6232.44,UPI,SUCCESS
TXN-201798,CUST-1106,2026-03-17,Bookstore,Education,DEBIT,4081.0,Net Banking,SUCCESS
TXN-201799,CUST-1031,2026-05-12,Domino's,Food & Dining,DEBIT,1148.52,Credit Card,SUCCESS
TXN-201800,CUST-1075,2026-03-02,Amazon,Shopping,DEBIT,7464.37,Debit Card,SUCCESS
TXN-201801,CUST-1104,2026-08-08,Netflix,Entertainment,DEBIT,1902.72,Net Banking,SUCCESS
TXN-201802,CUST-1052,2026-01-03,Metro,Travel,DEBIT,5076.85,Net Banking,SUCCESS
TXN-201803,CUST-1045,2026-02-17,Ola,Travel,DEBIT,773.24,Net Banking,SUCCESS
TXN-201804,CUST-1017,2026-04-22,MakeMyTrip,Travel,DEBIT,5563.55,Debit Card,SUCCESS
TXN-201805,CUST-1104,2026-01-11,Haldiram's,Food & Dining,DEBIT,7488.47,UPI,SUCCESS
TXN-201806,CUST-1043,2026-01-23,Electricity Board,Bills & Utilities,DEBIT,2006.42,Net Banking,SUCCESS
TXN-201807,CUST-1046,2026-07-27,Electricity Board,Bills & Utilities,DEBIT,3456.38,Debit Card,SUCCESS
TXN-201808,CUST-1099,2026-05-17,IRCTC,Travel,DEBIT,4968.07,Net Banking,SUCCESS
TXN-201809,CUST-1073,2026-04-29,Flipkart,Shopping,DEBIT,1181.57,UPI,SUCCESS
TXN-201810,CUST-1052,2026-06-25,MakeMyTrip,Travel,DEBIT,6293.11,Debit Card,SUCCESS
TXN-201811,CUST-1081,2026-07-11,Flipkart,Shopping,DEBIT,7183.17,Credit Card,SUCCESS
TXN-201812,CUST-1068,2026-04-11,Haldiram's,Food & Dining,DEBIT,7486.01,UPI,SUCCESS
TXN-201813,CUST-1112,2026-07-10,Decathlon,Shopping,DEBIT,3066.0,Debit Card,SUCCESS
TXN-201814,CUST-1070,2026-06-22,PharmEasy,Healthcare,DEBIT,2900.69,UPI,SUCCESS
TXN-201815,CUST-1054,2026-03-29,Zomato,Food & Dining,DEBIT,905.97,Net Banking,SUCCESS
TXN-201816,CUST-1112,2026-02-24,Ola,Travel,DEBIT,6132.47,Net Banking,SUCCESS
TXN-201817,CUST-1075,2026-04-11,Jio,Bills & Utilities,DEBIT,3769.2,Credit Card,SUCCESS
TXN-201818,CUST-1078,2026-03-21,Haldiram's,Food & Dining,DEBIT,5508.53,Credit Card,PENDING
TXN-201819,CUST-1085,2026-04-09,MakeMyTrip,Travel,DEBIT,5796.53,Net Banking,SUCCESS
TXN-201820,CUST-1020,2026-02-26,Haldiram's,Food & Dining,DEBIT,3831.65,UPI,PENDING
TXN-201821,CUST-1078,2026-01-29,Starbucks,Food & Dining,DEBIT,2821.9,UPI,SUCCESS
TXN-201822,CUST-1079,2026-04-14,Amazon,Shopping,DEBIT,3642.99,Credit Card,SUCCESS
TXN-201823,CUST-1053,2026-02-05,MakeMyTrip,Travel,DEBIT,2989.03,Credit Card,SUCCESS
TXN-201824,CUST-1079,2026-07-04,Ajio,Shopping,DEBIT,3295.6,Net Banking,SUCCESS
TXN-201825,CUST-1073,2026-05-01,Myntra,Shopping,DEBIT,722.77,Net Banking,SUCCESS
TXN-201826,CUST-1028,2026-06-07,Myntra,Shopping,DEBIT,165.28,Net Banking,SUCCESS
TXN-201827,CUST-1032,2026-04-30,Amazon,Shopping,DEBIT,6354.32,UPI,SUCCESS
TXN-201828,CUST-1002,2026-05-25,Myntra,Shopping,DEBIT,4341.4,Credit Card,PENDING
TXN-201829,CUST-1034,2026-04-07,MedPlus,Healthcare,DEBIT,966.71,UPI,SUCCESS
TXN-201830,CUST-1051,2026-06-25,Metro,Travel,DEBIT,2448.85,UPI,SUCCESS
TXN-201831,CUST-1058,2026-03-19,Metro,Travel,DEBIT,7779.62,Debit Card,SUCCESS
TXN-201832,CUST-1060,2026-01-31,Croma,Shopping,DEBIT,2572.59,Debit Card,SUCCESS
TXN-201833,CUST-1025,2026-03-31,Domino's,Food & Dining,DEBIT,7003.21,Net Banking,SUCCESS
TXN-201834,CUST-1087,2026-01-12,Spotify,Entertainment,DEBIT,7662.5,Net Banking,SUCCESS
TXN-201835,CUST-1094,2026-08-01,Swiggy,Food & Dining,DEBIT,151.57,Debit Card,SUCCESS
TXN-201836,CUST-1108,2026-07-27,Netflix,Entertainment,DEBIT,7844.28,Credit Card,SUCCESS
TXN-201837,CUST-1103,2026-06-01,Zomato,Food & Dining,DEBIT,794.15,Net Banking,PENDING
TXN-201838,CUST-1082,2026-06-19,Haldiram's,Food & Dining,DEBIT,6321.61,Debit Card,SUCCESS
TXN-201839,CUST-1068,2026-05-28,YouTube Premium,Entertainment,DEBIT,245.82,Credit Card,SUCCESS
TXN-201840,CUST-1038,2026-03-12,Haldiram's,Food & Dining,DEBIT,4886.6,Net Banking,SUCCESS
TXN-201841,CUST-1085,2026-06-20,Uber,Travel,DEBIT,6886.52,Net Banking,SUCCESS
TXN-201842,CUST-1085,2026-01-11,Ola,Travel,DEBIT,2352.35,Debit Card,SUCCESS
TXN-201843,CUST-1073,2026-01-21,MedPlus,Healthcare,DEBIT,5286.02,Credit Card,SUCCESS
TXN-201844,CUST-1075,2026-03-24,Ajio,Shopping,DEBIT,962.18,UPI,SUCCESS
TXN-201845,CUST-1071,2026-08-10,Domino's,Food & Dining,DEBIT,1589.82,Net Banking,SUCCESS
TXN-201846,CUST-1016,2026-06-14,Starbucks,Food & Dining,DEBIT,7795.76,Net Banking,SUCCESS
TXN-201847,CUST-1037,2026-04-21,Croma,Shopping,DEBIT,3367.22,UPI,SUCCESS
TXN-201848,CUST-1077,2026-04-10,Ajio,Shopping,DEBIT,2197.87,UPI,SUCCESS
TXN-201849,CUST-1084,2026-03-21,Swiggy,Food & Dining,DEBIT,6840.66,UPI,SUCCESS
TXN-201850,CUST-1119,2026-01-22,Apollo Pharmacy,Healthcare,DEBIT,386.58,Debit Card,SUCCESS
TXN-201851,CUST-1076,2026-07-26,Ajio,Shopping,DEBIT,4869.89,UPI,SUCCESS
TXN-201852,CUST-1091,2026-07-11,Decathlon,Shopping,DEBIT,4744.77,Debit Card,SUCCESS
TXN-201853,CUST-1006,2026-03-01,Uber,Travel,DEBIT,6150.47,UPI,SUCCESS
TXN-201854,CUST-1021,2026-01-25,Blinkit,Food & Dining,DEBIT,7625.49,Credit Card,SUCCESS
TXN-201855,CUST-1014,2026-01-17,Coursera,Education,DEBIT,3298.83,Net Banking,SUCCESS
TXN-201856,CUST-1035,2026-06-13,Zomato,Food & Dining,DEBIT,7346.65,Net Banking,SUCCESS
TXN-201857,CUST-1020,2026-01-14,Water Bill,Bills & Utilities,DEBIT,5802.68,Debit Card,SUCCESS
TXN-201858,CUST-1118,2026-03-29,Zomato,Food & Dining,DEBIT,6908.16,UPI,SUCCESS
TXN-201859,CUST-1105,2026-03-29,MedPlus,Healthcare,DEBIT,2406.04,Net Banking,SUCCESS
TXN-201860,CUST-1120,2026-03-05,Haldiram's,Food & Dining,DEBIT,1958.4,Net Banking,SUCCESS
TXN-201861,CUST-1028,2026-07-03,MakeMyTrip,Travel,DEBIT,1471.34,Credit Card,SUCCESS
TXN-201862,CUST-1094,2026-03-07,Ola,Travel,DEBIT,850.55,Credit Card,SUCCESS
TXN-201863,CUST-1099,2026-02-17,Udemy,Education,DEBIT,1045.46,UPI,SUCCESS
TXN-201864,CUST-1074,2026-02-22,MakeMyTrip,Travel,DEBIT,4645.69,Debit Card,SUCCESS
TXN-201865,CUST-1113,2026-04-05,Decathlon,Shopping,DEBIT,5174.64,UPI,SUCCESS
TXN-201866,CUST-1116,2026-08-16,Starbucks,Food & Dining,DEBIT,5556.22,Debit Card,SUCCESS
TXN-201867,CUST-1072,2026-05-19,Water Bill,Bills & Utilities,DEBIT,4322.18,Net Banking,SUCCESS
TXN-201868,CUST-1109,2026-07-08,Amazon,Shopping,DEBIT,2753.97,Net Banking,SUCCESS
TXN-201869,CUST-1048,2026-06-11,Starbucks,Food & Dining,DEBIT,6787.11,Debit Card,SUCCESS
TXN-201870,CUST-1101,2026-01-04,Haldiram's,Food & Dining,DEBIT,3970.64,Net Banking,SUCCESS
TXN-201871,CUST-1032,2026-02-05,Haldiram's,Food & Dining,DEBIT,7730.46,Debit Card,SUCCESS
TXN-201872,CUST-1001,2026-03-06,Bookstore,Education,DEBIT,4994.62,Credit Card,SUCCESS
TXN-201873,CUST-1062,2026-03-12,Airtel,Bills & Utilities,DEBIT,2709.08,Debit Card,SUCCESS
TXN-201874,CUST-1082,2026-02-14,Rapido,Travel,DEBIT,1423.58,Net Banking,SUCCESS
TXN-201875,CUST-1074,2026-01-28,Croma,Shopping,DEBIT,1823.71,UPI,SUCCESS
TXN-201876,CUST-1089,2026-08-04,Myntra,Shopping,DEBIT,4858.72,Net Banking,SUCCESS
TXN-201877,CUST-1040,2026-02-06,PharmEasy,Healthcare,DEBIT,1502.99,Credit Card,SUCCESS
TXN-201878,CUST-1087,2026-02-19,Zomato,Food & Dining,DEBIT,6469.27,Net Banking,SUCCESS
TXN-201879,CUST-1105,2026-01-17,Flipkart,Shopping,DEBIT,5516.56,UPI,SUCCESS
TXN-201880,CUST-1062,2026-06-19,Domino's,Food & Dining,DEBIT,1549.29,Net Banking,SUCCESS
TXN-201881,CUST-1042,2026-06-15,Airtel,Bills & Utilities,DEBIT,531.98,Net Banking,SUCCESS
TXN-201882,CUST-1080,2026-03-13,MakeMyTrip,Travel,DEBIT,6148.7,Debit Card,SUCCESS
TXN-201883,CUST-1094,2026-07-09,Ola,Travel,DEBIT,1667.27,Credit Card,SUCCESS
TXN-201884,CUST-1015,2026-01-01,Indane Gas,Bills & Utilities,DEBIT,4009.98,Credit Card,SUCCESS
TXN-201885,CUST-1082,2026-07-16,Jio,Bills & Utilities,DEBIT,4977.98,UPI,SUCCESS
TXN-201886,CUST-1117,2026-01-08,Electricity Board,Bills & Utilities,DEBIT,4939.0,UPI,SUCCESS
TXN-201887,CUST-1117,2026-06-12,Swiggy,Food & Dining,DEBIT,814.04,Net Banking,SUCCESS
TXN-201888,CUST-1048,2026-04-23,Domino's,Food & Dining,DEBIT,1131.04,Debit Card,SUCCESS
TXN-201889,CUST-1033,2026-04-24,Airtel,Bills & Utilities,DEBIT,3351.8,Debit Card,SUCCESS
TXN-201890,CUST-1113,2026-04-21,Starbucks,Food & Dining,DEBIT,282.86,Net Banking,SUCCESS
TXN-201891,CUST-1029,2026-04-26,Starbucks,Food & Dining,DEBIT,7913.86,Credit Card,SUCCESS
TXN-201892,CUST-1029,2026-08-12,Spotify,Entertainment,DEBIT,4579.92,UPI,SUCCESS
TXN-201893,CUST-1116,2026-06-03,Zomato,Food & Dining,DEBIT,6065.06,Net Banking,SUCCESS
TXN-201894,CUST-1051,2026-07-14,Croma,Shopping,DEBIT,4656.54,Debit Card,SUCCESS
TXN-201895,CUST-1118,2026-04-09,Jio,Bills & Utilities,DEBIT,2469.67,Credit Card,SUCCESS
TXN-201896,CUST-1118,2026-06-28,Blinkit,Food & Dining,DEBIT,6762.36,Debit Card,SUCCESS
TXN-201897,CUST-1046,2026-03-26,Udemy,Education,DEBIT,2998.04,UPI,SUCCESS
TXN-201898,CUST-1062,2026-08-04,PharmEasy,Healthcare,DEBIT,1650.03,Credit Card,SUCCESS
TXN-201899,CUST-1075,2026-03-28,Domino's,Food & Dining,DEBIT,1950.24,Net Banking,SUCCESS
TXN-201900,CUST-1120,2026-06-23,MedPlus,Healthcare,DEBIT,4458.98,UPI,SUCCESS
TXN-201901,CUST-1118,2026-05-25,Metro,Travel,DEBIT,5306.58,Net Banking,SUCCESS
TXN-201902,CUST-1117,2026-02-21,Blinkit,Food & Dining,DEBIT,139.02,Debit Card,SUCCESS
TXN-201903,CUST-1111,2026-06-16,Myntra,Shopping,DEBIT,2340.68,Debit Card,SUCCESS
TXN-201904,CUST-1033,2026-05-24,Domino's,Food & Dining,DEBIT,2884.37,Debit Card,SUCCESS
TXN-201905,CUST-1110,2026-06-04,Croma,Shopping,DEBIT,7388.73,Debit Card,SUCCESS
TXN-201906,CUST-1006,2026-02-28,Domino's,Food & Dining,DEBIT,4521.82,UPI,SUCCESS
TXN-201907,CUST-1040,2026-07-03,YouTube Premium,Entertainment,DEBIT,335.52,Net Banking,SUCCESS
TXN-201908,CUST-1063,2026-07-15,Amazon,Shopping,DEBIT,5162.74,UPI,SUCCESS
TXN-201909,CUST-1043,2026-06-28,Rapido,Travel,DEBIT,7290.15,UPI,SUCCESS
TXN-201910,CUST-1064,2026-02-24,Amazon,Shopping,DEBIT,7387.63,UPI,SUCCESS
TXN-201911,CUST-1101,2026-08-07,Haldiram's,Food & Dining,DEBIT,547.28,Debit Card,SUCCESS
TXN-201912,CUST-1020,2026-04-04,Flipkart,Shopping,DEBIT,7123.2,UPI,SUCCESS
TXN-201913,CUST-1003,2026-06-10,Blinkit,Food & Dining,DEBIT,1181.52,Net Banking,SUCCESS
TXN-201914,CUST-1018,2026-01-27,Spotify,Entertainment,DEBIT,7282.9,UPI,SUCCESS
TXN-201915,CUST-1094,2026-05-08,Electricity Board,Bills & Utilities,DEBIT,4573.38,Credit Card,SUCCESS
TXN-201916,CUST-1057,2026-03-27,Domino's,Food & Dining,DEBIT,5503.42,Debit Card,SUCCESS
TXN-201917,CUST-1007,2026-05-29,Amazon,Shopping,DEBIT,1211.3,UPI,SUCCESS
TXN-201918,CUST-1010,2026-06-24,Electricity Board,Bills & Utilities,DEBIT,6721.07,Debit Card,SUCCESS
TXN-201919,CUST-1015,2026-06-04,Starbucks,Food & Dining,DEBIT,3194.69,Credit Card,PENDING
TXN-201920,CUST-1035,2026-04-21,BookMyShow,Entertainment,DEBIT,1617.53,UPI,SUCCESS
TXN-201921,CUST-1105,2026-01-17,Zomato,Food & Dining,DEBIT,5246.92,Net Banking,SUCCESS
TXN-201922,CUST-1097,2026-07-26,Decathlon,Shopping,DEBIT,680.02,UPI,SUCCESS
TXN-201923,CUST-1045,2026-02-22,Amazon,Shopping,DEBIT,5635.47,UPI,SUCCESS
TXN-201924,CUST-1092,2026-02-08,Myntra,Shopping,DEBIT,7253.99,UPI,SUCCESS
TXN-201925,CUST-1035,2026-06-08,Uber,Travel,DEBIT,3964.68,Net Banking,SUCCESS
TXN-201926,CUST-1024,2026-01-30,Jio,Bills & Utilities,DEBIT,4423.53,Credit Card,SUCCESS
TXN-201927,CUST-1033,2026-03-14,BookMyShow,Entertainment,DEBIT,7229.28,Net Banking,SUCCESS
TXN-201928,CUST-1071,2026-03-22,Rapido,Travel,DEBIT,1871.86,Credit Card,SUCCESS
TXN-201929,CUST-1032,2026-04-23,Blinkit,Food & Dining,DEBIT,856.15,Net Banking,SUCCESS
TXN-201930,CUST-1067,2026-07-24,Myntra,Shopping,DEBIT,1879.83,UPI,SUCCESS
TXN-201931,CUST-1112,2026-04-14,Swiggy,Food & Dining,DEBIT,3901.93,Net Banking,SUCCESS
TXN-201932,CUST-1026,2026-05-15,Flipkart,Shopping,DEBIT,3875.67,Credit Card,SUCCESS
TXN-201933,CUST-1045,2026-02-21,Spotify,Entertainment,DEBIT,5039.75,Credit Card,SUCCESS
TXN-201934,CUST-1012,2026-07-19,Blinkit,Food & Dining,DEBIT,103.26,Debit Card,SUCCESS
TXN-201935,CUST-1101,2026-01-04,Spotify,Entertainment,DEBIT,3656.24,Debit Card,SUCCESS
TXN-201936,CUST-1021,2026-01-05,Haldiram's,Food & Dining,DEBIT,6785.23,Credit Card,SUCCESS
TXN-201937,CUST-1032,2026-01-06,Starbucks,Food & Dining,DEBIT,1065.49,Credit Card,SUCCESS
TXN-201938,CUST-1074,2026-01-04,Coursera,Education,DEBIT,3979.37,UPI,SUCCESS
TXN-201939,CUST-1099,2026-03-17,Zomato,Food & Dining,DEBIT,5761.51,Credit Card,SUCCESS
TXN-201940,CUST-1078,2026-05-17,Starbucks,Food & Dining,DEBIT,2144.69,Debit Card,SUCCESS
TXN-201941,CUST-1052,2026-02-16,MakeMyTrip,Travel,DEBIT,7347.1,Debit Card,SUCCESS
TXN-201942,CUST-1108,2026-07-06,Blinkit,Food & Dining,DEBIT,5282.62,UPI,SUCCESS
TXN-201943,CUST-1056,2026-05-17,MedPlus,Healthcare,DEBIT,1414.48,Net Banking,SUCCESS
TXN-201944,CUST-1077,2026-01-01,Swiggy,Food & Dining,DEBIT,2247.2,Debit Card,SUCCESS
TXN-201945,CUST-1083,2026-01-08,Ajio,Shopping,DEBIT,3318.61,Debit Card,SUCCESS
TXN-201946,CUST-1102,2026-06-11,Croma,Shopping,DEBIT,3218.62,Credit Card,SUCCESS
TXN-201947,CUST-1093,2026-07-07,Rapido,Travel,DEBIT,795.76,Net Banking,SUCCESS
TXN-201948,CUST-1005,2026-07-09,Electricity Board,Bills & Utilities,DEBIT,6909.17,Net Banking,SUCCESS
TXN-201949,CUST-1011,2026-08-02,Training Institute,Education,DEBIT,2055.87,Debit Card,SUCCESS
TXN-201950,CUST-1039,2026-03-05,Haldiram's,Food & Dining,DEBIT,3399.44,Net Banking,SUCCESS
TXN-201951,CUST-1041,2026-01-10,Netflix,Entertainment,DEBIT,527.65,Net Banking,SUCCESS
TXN-201952,CUST-1120,2026-04-23,Water Bill,Bills & Utilities,DEBIT,4001.87,UPI,PENDING
TXN-201953,CUST-1108,2026-06-24,IRCTC,Travel,DEBIT,2328.53,Net Banking,SUCCESS
TXN-201954,CUST-1101,2026-05-18,Zomato,Food & Dining,DEBIT,4892.1,Debit Card,SUCCESS
TXN-201955,CUST-1066,2026-07-01,Swiggy,Food & Dining,DEBIT,3955.85,Credit Card,SUCCESS
TXN-201956,CUST-1104,2026-07-23,Flipkart,Shopping,DEBIT,3584.56,UPI,SUCCESS
TXN-201957,CUST-1003,2026-01-23,Starbucks,Food & Dining,DEBIT,501.76,Net Banking,SUCCESS
TXN-201958,CUST-1018,2026-08-10,Starbucks,Food & Dining,DEBIT,2633.65,UPI,SUCCESS
TXN-201959,CUST-1102,2026-06-26,Airtel,Bills & Utilities,DEBIT,1021.89,Credit Card,SUCCESS
TXN-201960,CUST-1120,2026-04-12,Ola,Travel,DEBIT,2069.76,Debit Card,SUCCESS
TXN-201961,CUST-1068,2026-02-16,Jio,Bills & Utilities,DEBIT,7663.68,Debit Card,SUCCESS
TXN-201962,CUST-1054,2026-03-03,Swiggy,Food & Dining,DEBIT,1978.49,Debit Card,SUCCESS
TXN-201963,CUST-1028,2026-03-10,Myntra,Shopping,DEBIT,2849.63,Credit Card,SUCCESS
TXN-201964,CUST-1033,2026-01-02,Swiggy,Food & Dining,DEBIT,2539.59,Debit Card,SUCCESS
TXN-201965,CUST-1103,2026-06-07,Water Bill,Bills & Utilities,DEBIT,4390.59,Credit Card,SUCCESS
TXN-201966,CUST-1019,2026-03-30,Starbucks,Food & Dining,DEBIT,1742.4,Credit Card,SUCCESS
TXN-201967,CUST-1012,2026-06-07,Starbucks,Food & Dining,DEBIT,3900.21,Net Banking,SUCCESS
TXN-201968,CUST-1058,2026-05-30,BookMyShow,Entertainment,DEBIT,1777.24,UPI,SUCCESS
TXN-201969,CUST-1038,2026-04-03,Flipkart,Shopping,DEBIT,760.73,Debit Card,SUCCESS
TXN-201970,CUST-1109,2026-03-06,Amazon,Shopping,DEBIT,6770.41,Debit Card,SUCCESS
TXN-201971,CUST-1031,2026-02-13,Apollo Pharmacy,Healthcare,DEBIT,4827.18,Net Banking,SUCCESS
TXN-201972,CUST-1111,2026-01-23,Bookstore,Education,DEBIT,1869.83,UPI,SUCCESS
TXN-201973,CUST-1070,2026-02-23,1mg,Healthcare,DEBIT,7665.27,Debit Card,SUCCESS
TXN-201974,CUST-1023,2026-04-14,Starbucks,Food & Dining,DEBIT,2249.56,Credit Card,SUCCESS
TXN-201975,CUST-1103,2026-04-23,YouTube Premium,Entertainment,DEBIT,7190.24,Credit Card,SUCCESS
TXN-201976,CUST-1120,2026-07-10,Ola,Travel,DEBIT,4943.86,Debit Card,SUCCESS
TXN-201977,CUST-1074,2026-02-25,MedPlus,Healthcare,DEBIT,6370.86,Credit Card,SUCCESS
TXN-201978,CUST-1063,2026-06-26,Ajio,Shopping,DEBIT,4087.17,Net Banking,PENDING
TXN-201979,CUST-1106,2026-04-05,Indane Gas,Bills & Utilities,DEBIT,7241.93,Debit Card,SUCCESS
TXN-201980,CUST-1103,2026-04-07,Domino's,Food & Dining,DEBIT,5711.49,UPI,SUCCESS
TXN-201981,CUST-1076,2026-07-16,Domino's,Food & Dining,DEBIT,6224.14,Credit Card,SUCCESS
TXN-201982,CUST-1079,2026-04-07,Uber,Travel,DEBIT,3499.75,Credit Card,SUCCESS
TXN-201983,CUST-1105,2026-03-19,Blinkit,Food & Dining,DEBIT,3114.85,Debit Card,SUCCESS
TXN-201984,CUST-1058,2026-06-21,Starbucks,Food & Dining,DEBIT,1316.22,Credit Card,SUCCESS
TXN-201985,CUST-1050,2026-02-07,Blinkit,Food & Dining,DEBIT,7447.23,Net Banking,SUCCESS
TXN-201986,CUST-1108,2026-02-07,Coursera,Education,DEBIT,7509.71,UPI,SUCCESS
TXN-201987,CUST-1086,2026-05-09,Bookstore,Education,DEBIT,5425.8,Net Banking,SUCCESS
TXN-201988,CUST-1043,2026-03-18,Swiggy,Food & Dining,DEBIT,2130.23,Credit Card,SUCCESS
TXN-201989,CUST-1090,2026-06-12,Swiggy,Food & Dining,DEBIT,5893.74,UPI,SUCCESS
TXN-201990,CUST-1102,2026-04-19,Metro,Travel,DEBIT,2302.38,Net Banking,SUCCESS
TXN-201991,CUST-1073,2026-04-30,Indane Gas,Bills & Utilities,DEBIT,6998.58,Debit Card,SUCCESS
TXN-201992,CUST-1087,2026-07-26,Swiggy,Food & Dining,DEBIT,1754.79,UPI,SUCCESS
TXN-201993,CUST-1038,2026-02-25,Udemy,Education,DEBIT,2539.83,Debit Card,PENDING
TXN-201994,CUST-1026,2026-07-13,Uber,Travel,DEBIT,4228.78,Credit Card,SUCCESS
TXN-201995,CUST-1110,2026-03-27,Ajio,Shopping,DEBIT,7180.63,Net Banking,SUCCESS
TXN-201996,CUST-1007,2026-02-12,Amazon,Shopping,DEBIT,3691.82,UPI,SUCCESS
TXN-201997,CUST-1020,2026-02-19,Spotify,Entertainment,DEBIT,615.75,Debit Card,SUCCESS
TXN-201998,CUST-1092,2026-05-23,Indane Gas,Bills & Utilities,DEBIT,7908.58,UPI,SUCCESS
TXN-201999,CUST-1026,2026-07-23,Swiggy,Food & Dining,DEBIT,6784.62,Debit Card,SUCCESS
TXN-202000,CUST-1078,2026-01-18,Metro,Travel,DEBIT,3862.77,Net Banking,SUCCESS
TXN-202001,CUST-1063,2026-03-28,Haldiram's,Food & Dining,DEBIT,4385.83,UPI,SUCCESS
TXN-202002,CUST-1071,2026-08-13,Zomato,Food & Dining,DEBIT,1405.85,Credit Card,SUCCESS
TXN-202003,CUST-1101,2026-06-16,Spotify,Entertainment,DEBIT,6116.94,Credit Card,PENDING
TXN-202004,CUST-1013,2026-01-23,Electricity Board,Bills & Utilities,DEBIT,5678.31,UPI,SUCCESS
TXN-202005,CUST-1067,2026-08-06,Ola,Travel,DEBIT,951.11,Debit Card,SUCCESS
TXN-202006,CUST-1004,2026-01-04,Training Institute,Education,DEBIT,1696.99,Credit Card,SUCCESS
TXN-202007,CUST-1061,2026-05-31,BookMyShow,Entertainment,DEBIT,4512.01,Credit Card,SUCCESS
TXN-202008,CUST-1078,2026-05-09,1mg,Healthcare,DEBIT,4099.93,UPI,SUCCESS
TXN-202009,CUST-1031,2026-02-03,Domino's,Food & Dining,DEBIT,2620.71,Net Banking,SUCCESS
TXN-202010,CUST-1075,2026-07-26,Flipkart,Shopping,DEBIT,3345.57,Net Banking,SUCCESS
TXN-202011,CUST-1033,2026-03-05,Blinkit,Food & Dining,DEBIT,5810.83,UPI,SUCCESS
TXN-202012,CUST-1091,2026-04-16,Jio,Bills & Utilities,DEBIT,4488.01,Net Banking,SUCCESS
TXN-202013,CUST-1038,2026-02-17,MakeMyTrip,Travel,DEBIT,425.06,Net Banking,SUCCESS
TXN-202014,CUST-1078,2026-04-27,Myntra,Shopping,DEBIT,4025.06,UPI,SUCCESS
TXN-202015,CUST-1002,2026-06-12,Myntra,Shopping,DEBIT,1298.41,Net Banking,SUCCESS
TXN-202016,CUST-1007,2026-06-17,Flipkart,Shopping,DEBIT,824.4,UPI,SUCCESS
TXN-202017,CUST-1069,2026-02-02,Domino's,Food & Dining,DEBIT,5707.37,UPI,SUCCESS
TXN-202018,CUST-1115,2026-04-05,MakeMyTrip,Travel,DEBIT,5553.71,Debit Card,SUCCESS
TXN-202019,CUST-1060,2026-02-27,IRCTC,Travel,DEBIT,3945.94,UPI,SUCCESS
TXN-202020,CUST-1070,2026-02-24,Croma,Shopping,DEBIT,1420.6,Net Banking,SUCCESS
TXN-202021,CUST-1075,2026-06-12,Zomato,Food & Dining,DEBIT,3660.34,UPI,SUCCESS
TXN-202022,CUST-1110,2026-08-16,IRCTC,Travel,DEBIT,2249.87,Net Banking,SUCCESS
TXN-202023,CUST-1091,2026-08-04,MakeMyTrip,Travel,DEBIT,4629.84,Credit Card,SUCCESS
TXN-202024,CUST-1022,2026-07-11,Zomato,Food & Dining,DEBIT,5372.41,UPI,SUCCESS
TXN-202025,CUST-1075,2026-03-05,Ajio,Shopping,DEBIT,6417.25,Debit Card,SUCCESS
TXN-202026,CUST-1064,2026-06-08,IRCTC,Travel,DEBIT,6334.17,Net Banking,SUCCESS
TXN-202027,CUST-1101,2026-06-25,Decathlon,Shopping,DEBIT,5216.34,Net Banking,SUCCESS
TXN-202028,CUST-1096,2026-06-02,Blinkit,Food & Dining,DEBIT,5840.36,Credit Card,SUCCESS
TXN-202029,CUST-1109,2026-01-30,Swiggy,Food & Dining,DEBIT,3459.95,Debit Card,SUCCESS
TXN-202030,CUST-1034,2026-02-02,Indane Gas,Bills & Utilities,DEBIT,3316.18,UPI,SUCCESS
TXN-202031,CUST-1041,2026-02-09,Amazon,Shopping,DEBIT,805.9,Debit Card,SUCCESS
TXN-202032,CUST-1043,2026-04-10,Coursera,Education,DEBIT,718.68,Credit Card,SUCCESS
TXN-202033,CUST-1047,2026-03-26,Haldiram's,Food & Dining,DEBIT,3227.94,Net Banking,SUCCESS
TXN-202034,CUST-1037,2026-03-29,Jio,Bills & Utilities,DEBIT,3837.89,Net Banking,SUCCESS
TXN-202035,CUST-1005,2026-03-22,PharmEasy,Healthcare,DEBIT,4804.45,Net Banking,SUCCESS
TXN-202036,CUST-1030,2026-07-02,Ola,Travel,DEBIT,7497.52,Debit Card,SUCCESS
TXN-202037,CUST-1071,2026-07-31,Haldiram's,Food & Dining,DEBIT,6131.13,Credit Card,SUCCESS
TXN-202038,CUST-1010,2026-03-08,Uber,Travel,DEBIT,3708.84,Debit Card,SUCCESS
TXN-202039,CUST-1066,2026-03-10,Starbucks,Food & Dining,DEBIT,3409.12,Credit Card,SUCCESS
TXN-202040,CUST-1010,2026-02-13,Haldiram's,Food & Dining,DEBIT,5858.5,Debit Card,SUCCESS
TXN-202041,CUST-1025,2026-01-30,Ola,Travel,DEBIT,2632.37,Debit Card,SUCCESS
TXN-202042,CUST-1118,2026-05-04,Uber,Travel,DEBIT,7954.96,Credit Card,SUCCESS
TXN-202043,CUST-1079,2026-03-02,Flipkart,Shopping,DEBIT,4620.38,UPI,SUCCESS
TXN-202044,CUST-1043,2026-05-15,Croma,Shopping,DEBIT,3490.64,Credit Card,SUCCESS
TXN-202045,CUST-1068,2026-06-15,Ajio,Shopping,DEBIT,1904.69,Net Banking,SUCCESS
TXN-202046,CUST-1008,2026-01-01,1mg,Healthcare,DEBIT,7544.33,Credit Card,SUCCESS
TXN-202047,CUST-1010,2026-03-10,Haldiram's,Food & Dining,DEBIT,3634.69,Net Banking,SUCCESS
TXN-202048,CUST-1046,2026-06-05,Haldiram's,Food & Dining,DEBIT,1305.23,Debit Card,SUCCESS
TXN-202049,CUST-1114,2026-03-22,Haldiram's,Food & Dining,DEBIT,7426.83,Credit Card,SUCCESS
TXN-202050,CUST-1045,2026-04-14,Water Bill,Bills & Utilities,DEBIT,5231.12,Debit Card,SUCCESS
TXN-202051,CUST-1082,2026-07-18,Indane Gas,Bills & Utilities,DEBIT,7556.86,Debit Card,SUCCESS
TXN-202052,CUST-1094,2026-06-26,Apollo Pharmacy,Healthcare,DEBIT,7936.96,Net Banking,SUCCESS
TXN-202053,CUST-1115,2026-08-01,Domino's,Food & Dining,DEBIT,2463.52,Credit Card,SUCCESS
TXN-202054,CUST-1013,2026-06-03,Uber,Travel,DEBIT,2549.28,UPI,SUCCESS
TXN-202055,CUST-1041,2026-02-03,Uber,Travel,DEBIT,5415.09,Net Banking,SUCCESS
TXN-202056,CUST-1034,2026-06-23,Airtel,Bills & Utilities,DEBIT,4314.87,UPI,SUCCESS
TXN-202057,CUST-1108,2026-01-30,Rapido,Travel,DEBIT,822.66,Net Banking,SUCCESS
TXN-202058,CUST-1066,2026-06-29,MakeMyTrip,Travel,DEBIT,7577.69,Credit Card,SUCCESS
TXN-202059,CUST-1078,2026-03-13,Amazon,Shopping,DEBIT,3355.21,Debit Card,SUCCESS
TXN-202060,CUST-1099,2026-05-16,Domino's,Food & Dining,DEBIT,2586.45,UPI,SUCCESS
TXN-202061,CUST-1011,2026-05-14,Uber,Travel,DEBIT,1769.98,Debit Card,SUCCESS
TXN-202062,CUST-1117,2026-06-24,Decathlon,Shopping,DEBIT,5568.62,UPI,SUCCESS
TXN-202063,CUST-1045,2026-04-13,Haldiram's,Food & Dining,DEBIT,6333.5,Credit Card,SUCCESS
TXN-202064,CUST-1070,2026-02-11,Haldiram's,Food & Dining,DEBIT,4187.86,UPI,SUCCESS
TXN-202065,CUST-1083,2026-06-18,YouTube Premium,Entertainment,DEBIT,1106.99,Net Banking,SUCCESS
TXN-202066,CUST-1082,2026-02-28,Rapido,Travel,DEBIT,3731.75,Credit Card,SUCCESS
TXN-202067,CUST-1024,2026-06-29,Starbucks,Food & Dining,DEBIT,821.16,UPI,SUCCESS
TXN-202068,CUST-1090,2026-08-07,Udemy,Education,DEBIT,6662.2,Debit Card,SUCCESS
TXN-202069,CUST-1110,2026-07-02,Croma,Shopping,DEBIT,1978.9,Credit Card,SUCCESS
TXN-202070,CUST-1002,2026-02-27,Metro,Travel,DEBIT,6126.51,Net Banking,SUCCESS
TXN-202071,CUST-1102,2026-03-31,Starbucks,Food & Dining,DEBIT,7279.05,Net Banking,SUCCESS
TXN-202072,CUST-1003,2026-05-26,YouTube Premium,Entertainment,DEBIT,7103.38,UPI,SUCCESS
TXN-202073,CUST-1002,2026-03-04,Decathlon,Shopping,DEBIT,3572.45,UPI,SUCCESS
TXN-202074,CUST-1118,2026-06-02,Apollo Pharmacy,Healthcare,DEBIT,1858.51,Net Banking,SUCCESS
TXN-202075,CUST-1069,2026-03-26,Myntra,Shopping,DEBIT,3459.96,Credit Card,SUCCESS
TXN-202076,CUST-1107,2026-06-06,Myntra,Shopping,DEBIT,3657.0,Net Banking,SUCCESS
TXN-202077,CUST-1054,2026-06-07,YouTube Premium,Entertainment,DEBIT,1055.5,Credit Card,SUCCESS
TXN-202078,CUST-1075,2026-07-12,Indane Gas,Bills & Utilities,DEBIT,7659.17,Credit Card,SUCCESS
TXN-202079,CUST-1057,2026-01-14,Ajio,Shopping,DEBIT,2307.99,Debit Card,SUCCESS
TXN-202080,CUST-1048,2026-02-19,Starbucks,Food & Dining,DEBIT,3056.11,Net Banking,SUCCESS
TXN-202081,CUST-1067,2026-06-19,Amazon,Shopping,DEBIT,5073.51,Debit Card,SUCCESS
TXN-202082,CUST-1067,2026-03-31,Zomato,Food & Dining,DEBIT,4067.75,Credit Card,SUCCESS
TXN-202083,CUST-1034,2026-04-27,Rapido,Travel,DEBIT,4118.91,UPI,SUCCESS
TXN-202084,CUST-1029,2026-04-16,Ola,Travel,DEBIT,1896.7,Net Banking,SUCCESS
TXN-202085,CUST-1109,2026-03-17,Ola,Travel,DEBIT,2994.22,Debit Card,SUCCESS
TXN-202086,CUST-1047,2026-02-13,Jio,Bills & Utilities,DEBIT,959.92,UPI,SUCCESS
TXN-202087,CUST-1092,2026-01-25,Croma,Shopping,DEBIT,1557.34,Credit Card,SUCCESS
TXN-202088,CUST-1100,2026-04-22,Croma,Shopping,DEBIT,5872.2,Debit Card,SUCCESS
TXN-202089,CUST-1079,2026-03-27,Blinkit,Food & Dining,DEBIT,5941.41,Debit Card,SUCCESS
TXN-202090,CUST-1088,2026-03-09,Airtel,Bills & Utilities,DEBIT,293.75,UPI,SUCCESS
TXN-202091,CUST-1031,2026-07-30,Indane Gas,Bills & Utilities,DEBIT,6268.45,Debit Card,SUCCESS
TXN-202092,CUST-1096,2026-06-20,Swiggy,Food & Dining,DEBIT,1438.74,Debit Card,SUCCESS
TXN-202093,CUST-1027,2026-01-25,Starbucks,Food & Dining,DEBIT,1143.36,Credit Card,SUCCESS
TXN-202094,CUST-1068,2026-04-06,Airtel,Bills & Utilities,DEBIT,684.02,UPI,SUCCESS
TXN-202095,CUST-1023,2026-07-07,Croma,Shopping,DEBIT,1550.84,Net Banking,PENDING
TXN-202096,CUST-1055,2026-04-13,Ajio,Shopping,DEBIT,5085.27,Credit Card,SUCCESS
TXN-202097,CUST-1102,2026-08-10,Swiggy,Food & Dining,DEBIT,817.9,Net Banking,SUCCESS
TXN-202098,CUST-1075,2026-01-26,Starbucks,Food & Dining,DEBIT,7501.06,Debit Card,SUCCESS
TXN-202099,CUST-1021,2026-03-24,Netflix,Entertainment,DEBIT,3699.04,UPI,SUCCESS
TXN-202100,CUST-1085,2026-01-20,Swiggy,Food & Dining,DEBIT,2008.81,Credit Card,SUCCESS
TXN-202101,CUST-1096,2026-03-26,Uber,Travel,DEBIT,4492.64,Credit Card,SUCCESS
TXN-202102,CUST-1081,2026-04-07,Swiggy,Food & Dining,DEBIT,1940.06,Credit Card,SUCCESS
TXN-202103,CUST-1093,2026-04-03,MedPlus,Healthcare,DEBIT,4142.32,Credit Card,SUCCESS
TXN-202104,CUST-1054,2026-01-19,MakeMyTrip,Travel,DEBIT,2115.1,Credit Card,SUCCESS
TXN-202105,CUST-1064,2026-04-04,Blinkit,Food & Dining,DEBIT,6140.98,Net Banking,SUCCESS
TXN-202106,CUST-1015,2026-01-15,IRCTC,Travel,DEBIT,6178.1,Net Banking,SUCCESS
TXN-202107,CUST-1100,2026-05-18,Metro,Travel,DEBIT,5023.04,Credit Card,SUCCESS
TXN-202108,CUST-1074,2026-05-15,Netflix,Entertainment,DEBIT,7896.56,Debit Card,SUCCESS
TXN-202109,CUST-1028,2026-05-21,Jio,Bills & Utilities,DEBIT,5990.72,Debit Card,SUCCESS
TXN-202110,CUST-1025,2026-02-09,Bookstore,Education,DEBIT,3932.7,Credit Card,SUCCESS
TXN-202111,CUST-1119,2026-03-10,Domino's,Food & Dining,DEBIT,4038.56,Net Banking,SUCCESS
TXN-202112,CUST-1075,2026-07-15,Flipkart,Shopping,DEBIT,7947.66,UPI,SUCCESS
TXN-202113,CUST-1065,2026-01-12,Jio,Bills & Utilities,DEBIT,7454.53,Debit Card,SUCCESS
TXN-202114,CUST-1081,2026-04-29,Zomato,Food & Dining,DEBIT,4657.44,Credit Card,SUCCESS
TXN-202115,CUST-1042,2026-07-01,Croma,Shopping,DEBIT,6798.38,Debit Card,SUCCESS
TXN-202116,CUST-1086,2026-07-09,Udemy,Education,DEBIT,7146.83,Debit Card,SUCCESS
TXN-202117,CUST-1040,2026-06-29,Ajio,Shopping,DEBIT,611.93,Net Banking,SUCCESS
TXN-202118,CUST-1120,2026-05-16,MakeMyTrip,Travel,DEBIT,1303.34,UPI,SUCCESS
TXN-202119,CUST-1065,2026-02-12,Amazon,Shopping,DEBIT,1491.45,UPI,SUCCESS
TXN-202120,CUST-1054,2026-08-14,Zomato,Food & Dining,DEBIT,5081.32,UPI,SUCCESS
TXN-202121,CUST-1007,2026-05-22,Ajio,Shopping,DEBIT,1426.02,Debit Card,SUCCESS
TXN-202122,CUST-1119,2026-04-29,Haldiram's,Food & Dining,DEBIT,514.86,Debit Card,SUCCESS
TXN-202123,CUST-1104,2026-07-28,MakeMyTrip,Travel,DEBIT,2079.29,Net Banking,SUCCESS
TXN-202124,CUST-1044,2026-05-01,Water Bill,Bills & Utilities,DEBIT,4525.53,Credit Card,SUCCESS
TXN-202125,CUST-1113,2026-07-11,Zomato,Food & Dining,DEBIT,909.03,Debit Card,SUCCESS
TXN-202126,CUST-1012,2026-01-26,Uber,Travel,DEBIT,2927.6,Credit Card,SUCCESS
TXN-202127,CUST-1049,2026-07-16,Flipkart,Shopping,DEBIT,2063.77,Debit Card,SUCCESS
TXN-202128,CUST-1034,2026-02-15,Croma,Shopping,DEBIT,5914.22,Credit Card,SUCCESS
TXN-202129,CUST-1071,2026-04-01,Croma,Shopping,DEBIT,1429.86,Credit Card,SUCCESS
TXN-202130,CUST-1106,2026-07-19,1mg,Healthcare,DEBIT,6971.32,Net Banking,SUCCESS
TXN-202131,CUST-1002,2026-06-08,MakeMyTrip,Travel,DEBIT,5783.82,Credit Card,SUCCESS
TXN-202132,CUST-1106,2026-03-19,Ola,Travel,DEBIT,2655.04,Credit Card,SUCCESS
TXN-202133,CUST-1033,2026-01-06,MedPlus,Healthcare,DEBIT,5215.9,Net Banking,SUCCESS
TXN-202134,CUST-1070,2026-01-10,Ola,Travel,DEBIT,3792.63,Credit Card,SUCCESS
TXN-202135,CUST-1003,2026-03-11,Indane Gas,Bills & Utilities,DEBIT,1911.45,Credit Card,SUCCESS
TXN-202136,CUST-1028,2026-01-05,Metro,Travel,DEBIT,967.78,Credit Card,SUCCESS
TXN-202137,CUST-1099,2026-08-16,Metro,Travel,DEBIT,7958.61,Debit Card,SUCCESS
TXN-202138,CUST-1061,2026-05-17,Flipkart,Shopping,DEBIT,3543.49,Debit Card,SUCCESS
TXN-202139,CUST-1104,2026-05-30,Myntra,Shopping,DEBIT,7384.85,UPI,SUCCESS
TXN-202140,CUST-1069,2026-03-16,Domino's,Food & Dining,DEBIT,6567.61,Credit Card,SUCCESS
TXN-202141,CUST-1078,2026-02-10,Croma,Shopping,DEBIT,3957.83,UPI,SUCCESS
TXN-202142,CUST-1051,2026-05-05,Croma,Shopping,DEBIT,3088.81,Credit Card,SUCCESS
TXN-202143,CUST-1067,2026-01-10,Electricity Board,Bills & Utilities,DEBIT,3504.36,Credit Card,SUCCESS
TXN-202144,CUST-1082,2026-03-10,Blinkit,Food & Dining,DEBIT,7344.19,Net Banking,SUCCESS
TXN-202145,CUST-1049,2026-04-02,Croma,Shopping,DEBIT,7477.84,Debit Card,SUCCESS
TXN-202146,CUST-1084,2026-02-23,Netflix,Entertainment,DEBIT,6600.77,Net Banking,SUCCESS
TXN-202147,CUST-1101,2026-03-17,Bookstore,Education,DEBIT,3484.61,UPI,SUCCESS
TXN-202148,CUST-1030,2026-01-29,Starbucks,Food & Dining,DEBIT,6303.65,UPI,SUCCESS
TXN-202149,CUST-1022,2026-04-24,Coursera,Education,DEBIT,6419.27,Net Banking,SUCCESS
TXN-202150,CUST-1100,2026-07-08,Indane Gas,Bills & Utilities,DEBIT,5751.07,UPI,SUCCESS
TXN-202151,CUST-1060,2026-06-02,Croma,Shopping,DEBIT,2642.88,Credit Card,SUCCESS
TXN-202152,CUST-1112,2026-01-17,Starbucks,Food & Dining,DEBIT,4432.76,Net Banking,SUCCESS
TXN-202153,CUST-1065,2026-04-21,Flipkart,Shopping,DEBIT,1376.63,Credit Card,SUCCESS
TXN-202154,CUST-1024,2026-07-13,Metro,Travel,DEBIT,4916.7,Debit Card,SUCCESS
TXN-202155,CUST-1015,2026-03-04,Airtel,Bills & Utilities,DEBIT,1208.72,UPI,SUCCESS
TXN-202156,CUST-1008,2026-01-28,Blinkit,Food & Dining,DEBIT,231.64,UPI,SUCCESS
TXN-202157,CUST-1002,2026-06-19,PharmEasy,Healthcare,DEBIT,1287.18,UPI,SUCCESS
TXN-202158,CUST-1025,2026-01-14,Myntra,Shopping,DEBIT,6542.04,UPI,SUCCESS
TXN-202159,CUST-1084,2026-04-03,Swiggy,Food & Dining,DEBIT,1121.77,Debit Card,SUCCESS
TXN-202160,CUST-1058,2026-05-19,Zomato,Food & Dining,DEBIT,5320.12,UPI,SUCCESS
TXN-202161,CUST-1075,2026-07-09,Water Bill,Bills & Utilities,DEBIT,3251.33,UPI,SUCCESS
TXN-202162,CUST-1118,2026-08-06,Metro,Travel,DEBIT,6256.99,Debit Card,SUCCESS
TXN-202163,CUST-1049,2026-05-29,Ola,Travel,DEBIT,595.86,Net Banking,SUCCESS
TXN-202164,CUST-1091,2026-02-05,Udemy,Education,DEBIT,5498.13,UPI,SUCCESS
TXN-202165,CUST-1037,2026-05-25,Starbucks,Food & Dining,DEBIT,5846.76,UPI,SUCCESS
TXN-202166,CUST-1066,2026-07-26,Jio,Bills & Utilities,DEBIT,1575.52,Debit Card,SUCCESS
TXN-202167,CUST-1117,2026-06-01,1mg,Healthcare,DEBIT,1287.5,UPI,SUCCESS
TXN-202168,CUST-1075,2026-01-27,MakeMyTrip,Travel,DEBIT,7697.45,Debit Card,SUCCESS
TXN-202169,CUST-1052,2026-01-07,MakeMyTrip,Travel,DEBIT,4630.72,Net Banking,SUCCESS
TXN-202170,CUST-1063,2026-07-30,Swiggy,Food & Dining,DEBIT,1689.56,Net Banking,SUCCESS
TXN-202171,CUST-1119,2026-04-09,Myntra,Shopping,DEBIT,2474.14,Credit Card,SUCCESS
TXN-202172,CUST-1041,2026-04-05,Rapido,Travel,DEBIT,934.43,Net Banking,SUCCESS
TXN-202173,CUST-1100,2026-06-14,Netflix,Entertainment,DEBIT,3653.35,Debit Card,SUCCESS
TXN-202174,CUST-1008,2026-04-17,BookMyShow,Entertainment,DEBIT,1525.3,Net Banking,SUCCESS
TXN-202175,CUST-1021,2026-04-18,Swiggy,Food & Dining,DEBIT,5896.96,Credit Card,PENDING
TXN-202176,CUST-1060,2026-05-28,Croma,Shopping,DEBIT,7133.63,Debit Card,SUCCESS
TXN-202177,CUST-1034,2026-04-17,Jio,Bills & Utilities,DEBIT,1886.4,Debit Card,SUCCESS
TXN-202178,CUST-1118,2026-04-01,MedPlus,Healthcare,DEBIT,4244.51,Net Banking,SUCCESS
TXN-202179,CUST-1017,2026-08-11,YouTube Premium,Entertainment,DEBIT,1961.3,Net Banking,SUCCESS
TXN-202180,CUST-1034,2026-08-16,Ajio,Shopping,DEBIT,5446.93,Net Banking,SUCCESS
TXN-202181,CUST-1118,2026-01-18,Starbucks,Food & Dining,DEBIT,6438.49,Credit Card,SUCCESS
TXN-202182,CUST-1108,2026-08-02,Swiggy,Food & Dining,DEBIT,3489.53,UPI,SUCCESS
TXN-202183,CUST-1069,2026-04-20,Zomato,Food & Dining,DEBIT,4814.81,Net Banking,SUCCESS
TXN-202184,CUST-1089,2026-06-20,Swiggy,Food & Dining,DEBIT,2204.69,Net Banking,SUCCESS
TXN-202185,CUST-1028,2026-06-27,Flipkart,Shopping,DEBIT,2439.04,Debit Card,SUCCESS
TXN-202186,CUST-1025,2026-03-11,BookMyShow,Entertainment,DEBIT,4887.84,Debit Card,SUCCESS
TXN-202187,CUST-1115,2026-04-09,Decathlon,Shopping,DEBIT,7508.91,UPI,SUCCESS
TXN-202188,CUST-1116,2026-06-18,Bookstore,Education,DEBIT,2224.98,UPI,SUCCESS
TXN-202189,CUST-1026,2026-05-13,YouTube Premium,Entertainment,DEBIT,297.05,Credit Card,SUCCESS
TXN-202190,CUST-1109,2026-05-20,Netflix,Entertainment,DEBIT,3699.68,Debit Card,SUCCESS
TXN-202191,CUST-1059,2026-04-13,Domino's,Food & Dining,DEBIT,6748.31,Debit Card,SUCCESS
TXN-202192,CUST-1022,2026-01-12,Croma,Shopping,DEBIT,7767.15,Debit Card,SUCCESS
TXN-202193,CUST-1058,2026-05-29,Croma,Shopping,DEBIT,1219.77,Net Banking,SUCCESS
TXN-202194,CUST-1021,2026-05-19,Blinkit,Food & Dining,DEBIT,1901.66,Net Banking,SUCCESS
TXN-202195,CUST-1025,2026-02-16,Swiggy,Food & Dining,DEBIT,670.47,UPI,SUCCESS
TXN-202196,CUST-1023,2026-03-03,Ajio,Shopping,DEBIT,7203.51,Debit Card,SUCCESS
TXN-202197,CUST-1088,2026-01-17,Spotify,Entertainment,DEBIT,2571.07,Net Banking,SUCCESS
TXN-202198,CUST-1033,2026-03-18,Jio,Bills & Utilities,DEBIT,7165.47,UPI,SUCCESS
TXN-202199,CUST-1117,2026-07-20,Water Bill,Bills & Utilities,DEBIT,6671.84,Net Banking,SUCCESS
TXN-202200,CUST-1089,2026-05-23,Zomato,Food & Dining,DEBIT,3614.37,Net Banking,SUCCESS
TXN-202201,CUST-1079,2026-01-07,Uber,Travel,DEBIT,6415.26,Credit Card,SUCCESS
TXN-202202,CUST-1081,2026-04-11,Apollo Pharmacy,Healthcare,DEBIT,5125.15,Debit Card,SUCCESS
TXN-202203,CUST-1097,2026-01-15,Rapido,Travel,DEBIT,3412.01,Credit Card,SUCCESS
TXN-202204,CUST-1052,2026-03-22,MakeMyTrip,Travel,DEBIT,6971.57,UPI,SUCCESS
TXN-202205,CUST-1094,2026-07-21,Domino's,Food & Dining,DEBIT,4599.96,Debit Card,SUCCESS
TXN-202206,CUST-1043,2026-01-07,Ajio,Shopping,DEBIT,7951.98,Net Banking,SUCCESS
TXN-202207,CUST-1057,2026-04-23,PharmEasy,Healthcare,DEBIT,2696.26,Debit Card,SUCCESS
TXN-202208,CUST-1007,2026-08-11,Rapido,Travel,DEBIT,1378.88,Net Banking,SUCCESS
TXN-202209,CUST-1047,2026-05-15,Electricity Board,Bills & Utilities,DEBIT,701.9,UPI,SUCCESS
TXN-202210,CUST-1078,2026-02-25,Coursera,Education,DEBIT,7880.6,Debit Card,SUCCESS
TXN-202211,CUST-1031,2026-08-02,Myntra,Shopping,DEBIT,1361.23,Credit Card,SUCCESS
TXN-202212,CUST-1105,2026-07-27,Amazon,Shopping,DEBIT,2642.33,Credit Card,SUCCESS
TXN-202213,CUST-1081,2026-03-10,Jio,Bills & Utilities,DEBIT,7179.91,Net Banking,SUCCESS
TXN-202214,CUST-1055,2026-07-23,Swiggy,Food & Dining,DEBIT,6778.54,Net Banking,SUCCESS
TXN-202215,CUST-1018,2026-04-13,Swiggy,Food & Dining,DEBIT,1015.3,Debit Card,SUCCESS
TXN-202216,CUST-1110,2026-01-13,Water Bill,Bills & Utilities,DEBIT,2009.81,UPI,SUCCESS
TXN-202217,CUST-1091,2026-01-04,Rapido,Travel,DEBIT,2995.9,Net Banking,SUCCESS
TXN-202218,CUST-1024,2026-07-23,Blinkit,Food & Dining,DEBIT,4658.99,Debit Card,SUCCESS
TXN-202219,CUST-1092,2026-03-23,Jio,Bills & Utilities,DEBIT,6415.37,Net Banking,SUCCESS
TXN-202220,CUST-1030,2026-03-20,Haldiram's,Food & Dining,DEBIT,4567.68,UPI,SUCCESS
TXN-202221,CUST-1073,2026-08-09,Airtel,Bills & Utilities,DEBIT,7633.11,Net Banking,SUCCESS
TXN-202222,CUST-1039,2026-02-11,Swiggy,Food & Dining,DEBIT,2470.48,Net Banking,SUCCESS
TXN-202223,CUST-1089,2026-06-02,Swiggy,Food & Dining,DEBIT,530.47,Credit Card,SUCCESS
TXN-202224,CUST-1043,2026-01-15,Blinkit,Food & Dining,DEBIT,6493.77,Net Banking,SUCCESS
TXN-202225,CUST-1082,2026-07-12,Swiggy,Food & Dining,DEBIT,357.29,Credit Card,SUCCESS
TXN-202226,CUST-1003,2026-06-27,Swiggy,Food & Dining,DEBIT,4911.11,Net Banking,SUCCESS
TXN-202227,CUST-1023,2026-06-24,BookMyShow,Entertainment,DEBIT,3332.35,Credit Card,SUCCESS
TXN-202228,CUST-1079,2026-07-27,Domino's,Food & Dining,DEBIT,7078.82,Credit Card,SUCCESS
TXN-202229,CUST-1087,2026-01-30,Croma,Shopping,DEBIT,3287.8,Debit Card,SUCCESS
TXN-202230,CUST-1096,2026-07-31,Croma,Shopping,DEBIT,1351.65,Debit Card,SUCCESS
TXN-202231,CUST-1017,2026-05-02,Swiggy,Food & Dining,DEBIT,3725.23,Credit Card,SUCCESS
TXN-202232,CUST-1109,2026-05-13,Swiggy,Food & Dining,DEBIT,7273.16,Net Banking,SUCCESS
TXN-202233,CUST-1068,2026-08-12,Electricity Board,Bills & Utilities,DEBIT,7523.62,Net Banking,SUCCESS
TXN-202234,CUST-1109,2026-06-15,Domino's,Food & Dining,DEBIT,3728.85,Net Banking,SUCCESS
TXN-202235,CUST-1086,2026-04-07,Myntra,Shopping,DEBIT,4842.0,Debit Card,SUCCESS
TXN-202236,CUST-1025,2026-03-23,Starbucks,Food & Dining,DEBIT,2626.58,UPI,SUCCESS
TXN-202237,CUST-1025,2026-08-12,Water Bill,Bills & Utilities,DEBIT,5515.46,Debit Card,SUCCESS
TXN-202238,CUST-1063,2026-03-17,Spotify,Entertainment,DEBIT,2147.46,Net Banking,SUCCESS
TXN-202239,CUST-1058,2026-01-16,IRCTC,Travel,DEBIT,1776.17,Debit Card,SUCCESS
TXN-202240,CUST-1062,2026-05-04,Decathlon,Shopping,DEBIT,302.99,Debit Card,SUCCESS
TXN-202241,CUST-1106,2026-06-21,Starbucks,Food & Dining,DEBIT,7612.73,Credit Card,SUCCESS
TXN-202242,CUST-1090,2026-03-19,Zomato,Food & Dining,DEBIT,7850.42,Net Banking,SUCCESS
TXN-202243,CUST-1040,2026-06-01,Training Institute,Education,DEBIT,3970.34,UPI,SUCCESS
TXN-202244,CUST-1103,2026-05-28,Myntra,Shopping,DEBIT,1324.33,Debit Card,SUCCESS
TXN-202245,CUST-1009,2026-01-05,Indane Gas,Bills & Utilities,DEBIT,5342.96,Credit Card,SUCCESS
TXN-202246,CUST-1024,2026-01-19,Spotify,Entertainment,DEBIT,7630.64,Net Banking,SUCCESS
TXN-202247,CUST-1102,2026-05-29,Electricity Board,Bills & Utilities,DEBIT,6580.86,Credit Card,SUCCESS
TXN-202248,CUST-1109,2026-06-02,MedPlus,Healthcare,DEBIT,6348.84,Net Banking,SUCCESS
TXN-202249,CUST-1057,2026-06-28,Myntra,Shopping,DEBIT,7351.06,UPI,SUCCESS
TXN-202250,CUST-1025,2026-04-03,Starbucks,Food & Dining,DEBIT,2292.89,UPI,SUCCESS
TXN-202251,CUST-1011,2026-07-14,Swiggy,Food & Dining,DEBIT,6875.44,Net Banking,SUCCESS
TXN-202252,CUST-1112,2026-04-03,Training Institute,Education,DEBIT,315.18,Debit Card,SUCCESS
TXN-202253,CUST-1055,2026-03-11,Domino's,Food & Dining,DEBIT,3144.03,Debit Card,SUCCESS
TXN-202254,CUST-1082,2026-07-08,Decathlon,Shopping,DEBIT,142.93,UPI,SUCCESS
TXN-202255,CUST-1001,2026-05-02,Spotify,Entertainment,DEBIT,3778.41,UPI,SUCCESS
TXN-202256,CUST-1079,2026-06-29,Metro,Travel,DEBIT,2220.97,Credit Card,SUCCESS
TXN-202257,CUST-1118,2026-06-20,Spotify,Entertainment,DEBIT,4967.82,Net Banking,SUCCESS
TXN-202258,CUST-1056,2026-07-07,Airtel,Bills & Utilities,DEBIT,3582.76,Debit Card,SUCCESS
TXN-202259,CUST-1062,2026-04-03,Rapido,Travel,DEBIT,4324.95,UPI,SUCCESS
TXN-202260,CUST-1022,2026-07-23,Flipkart,Shopping,DEBIT,6456.6,Credit Card,SUCCESS
TXN-202261,CUST-1036,2026-02-25,Decathlon,Shopping,DEBIT,6055.76,UPI,SUCCESS
TXN-202262,CUST-1055,2026-01-10,Swiggy,Food & Dining,DEBIT,6641.93,Credit Card,SUCCESS
TXN-202263,CUST-1060,2026-02-05,Croma,Shopping,DEBIT,7532.75,Debit Card,SUCCESS
TXN-202264,CUST-1020,2026-04-12,Starbucks,Food & Dining,DEBIT,1844.8,UPI,SUCCESS
TXN-202265,CUST-1048,2026-05-27,Swiggy,Food & Dining,DEBIT,7329.43,Debit Card,SUCCESS
TXN-202266,CUST-1059,2026-01-05,Domino's,Food & Dining,DEBIT,2527.4,Debit Card,SUCCESS
TXN-202267,CUST-1041,2026-07-22,Flipkart,Shopping,DEBIT,1204.3,Credit Card,SUCCESS
TXN-202268,CUST-1042,2026-01-12,Starbucks,Food & Dining,DEBIT,3517.64,UPI,SUCCESS
TXN-202269,CUST-1045,2026-01-15,Starbucks,Food & Dining,DEBIT,2613.9,Credit Card,SUCCESS
TXN-202270,CUST-1036,2026-01-12,Blinkit,Food & Dining,DEBIT,6328.57,Debit Card,SUCCESS
TXN-202271,CUST-1045,2026-01-20,Jio,Bills & Utilities,DEBIT,6503.16,Credit Card,SUCCESS
TXN-202272,CUST-1051,2026-07-05,Blinkit,Food & Dining,DEBIT,5213.96,Debit Card,SUCCESS
TXN-202273,CUST-1077,2026-06-24,Ajio,Shopping,DEBIT,4355.71,UPI,SUCCESS
TXN-202274,CUST-1055,2026-06-20,Jio,Bills & Utilities,DEBIT,2784.12,Credit Card,SUCCESS
TXN-202275,CUST-1024,2026-07-19,Rapido,Travel,DEBIT,6091.79,Credit Card,SUCCESS
TXN-202276,CUST-1074,2026-02-17,1mg,Healthcare,DEBIT,2436.36,Debit Card,SUCCESS
TXN-202277,CUST-1082,2026-01-24,Udemy,Education,DEBIT,2108.33,Credit Card,SUCCESS
TXN-202278,CUST-1093,2026-01-18,Haldiram's,Food & Dining,DEBIT,7668.97,Credit Card,SUCCESS
TXN-202279,CUST-1040,2026-02-19,Jio,Bills & Utilities,DEBIT,6786.13,Debit Card,SUCCESS
TXN-202280,CUST-1072,2026-04-21,Haldiram's,Food & Dining,DEBIT,4967.7,Net Banking,SUCCESS
TXN-202281,CUST-1103,2026-04-08,Swiggy,Food & Dining,DEBIT,6741.61,UPI,PENDING
TXN-202282,CUST-1064,2026-02-14,PharmEasy,Healthcare,DEBIT,4492.28,Debit Card,SUCCESS
TXN-202283,CUST-1051,2026-03-08,Haldiram's,Food & Dining,DEBIT,6442.07,Credit Card,SUCCESS
TXN-202284,CUST-1076,2026-04-13,Ola,Travel,DEBIT,6198.34,Debit Card,SUCCESS
TXN-202285,CUST-1089,2026-01-11,BookMyShow,Entertainment,DEBIT,6023.19,Debit Card,SUCCESS
TXN-202286,CUST-1050,2026-03-25,Indane Gas,Bills & Utilities,DEBIT,4880.5,UPI,SUCCESS
TXN-202287,CUST-1086,2026-04-21,Ola,Travel,DEBIT,3148.88,UPI,SUCCESS
TXN-202288,CUST-1114,2026-08-08,Domino's,Food & Dining,DEBIT,1940.63,Net Banking,SUCCESS
TXN-202289,CUST-1053,2026-03-02,Jio,Bills & Utilities,DEBIT,255.2,Credit Card,SUCCESS
TXN-202290,CUST-1043,2026-05-20,Airtel,Bills & Utilities,DEBIT,5892.03,Credit Card,SUCCESS
TXN-202291,CUST-1034,2026-01-16,Ajio,Shopping,DEBIT,5773.25,Net Banking,SUCCESS
TXN-202292,CUST-1012,2026-07-07,Flipkart,Shopping,DEBIT,883.98,UPI,SUCCESS
TXN-202293,CUST-1037,2026-01-15,MakeMyTrip,Travel,DEBIT,730.18,Credit Card,SUCCESS
TXN-202294,CUST-1086,2026-06-28,MakeMyTrip,Travel,DEBIT,314.14,Credit Card,SUCCESS
TXN-202295,CUST-1087,2026-02-24,Domino's,Food & Dining,DEBIT,3307.63,Net Banking,SUCCESS
TXN-202296,CUST-1037,2026-03-21,Haldiram's,Food & Dining,DEBIT,6026.19,Debit Card,SUCCESS
TXN-202297,CUST-1042,2026-03-17,PharmEasy,Healthcare,DEBIT,3296.59,Credit Card,SUCCESS
TXN-202298,CUST-1012,2026-03-13,Swiggy,Food & Dining,DEBIT,7502.3,Net Banking,SUCCESS
TXN-202299,CUST-1039,2026-04-21,Jio,Bills & Utilities,DEBIT,3785.94,Debit Card,SUCCESS
TXN-202300,CUST-1029,2026-08-04,Rapido,Travel,DEBIT,6236.25,Net Banking,SUCCESS
TXN-202301,CUST-1003,2026-01-13,Amazon,Shopping,DEBIT,3751.73,Credit Card,SUCCESS
TXN-202302,CUST-1052,2026-05-14,Ola,Travel,DEBIT,7346.2,UPI,SUCCESS
TXN-202303,CUST-1005,2026-01-21,Electricity Board,Bills & Utilities,DEBIT,1855.36,Net Banking,SUCCESS
TXN-202304,CUST-1001,2026-02-10,Zomato,Food & Dining,DEBIT,5640.07,UPI,SUCCESS
TXN-202305,CUST-1106,2026-08-10,Training Institute,Education,DEBIT,4418.71,UPI,SUCCESS
TXN-202306,CUST-1043,2026-05-25,Decathlon,Shopping,DEBIT,2572.91,UPI,SUCCESS
TXN-202307,CUST-1002,2026-05-12,Indane Gas,Bills & Utilities,DEBIT,1058.65,Debit Card,SUCCESS
TXN-202308,CUST-1029,2026-02-12,Domino's,Food & Dining,DEBIT,1742.73,Net Banking,SUCCESS
TXN-202309,CUST-1080,2026-01-03,1mg,Healthcare,DEBIT,7110.44,Credit Card,SUCCESS
TXN-202310,CUST-1090,2026-08-09,Zomato,Food & Dining,DEBIT,1593.99,UPI,SUCCESS
TXN-202311,CUST-1074,2026-02-06,Uber,Travel,DEBIT,1787.8,Debit Card,SUCCESS
TXN-202312,CUST-1053,2026-04-24,Spotify,Entertainment,DEBIT,3199.95,UPI,SUCCESS
TXN-202313,CUST-1090,2026-06-29,Domino's,Food & Dining,DEBIT,3103.25,Debit Card,SUCCESS
TXN-202314,CUST-1118,2026-07-02,Airtel,Bills & Utilities,DEBIT,7545.05,Net Banking,SUCCESS
TXN-202315,CUST-1086,2026-06-17,Spotify,Entertainment,DEBIT,7685.36,Debit Card,SUCCESS
TXN-202316,CUST-1114,2026-04-13,Croma,Shopping,DEBIT,6888.44,Credit Card,SUCCESS
TXN-202317,CUST-1069,2026-01-21,Starbucks,Food & Dining,DEBIT,3029.32,Net Banking,SUCCESS
TXN-202318,CUST-1091,2026-05-21,Jio,Bills & Utilities,DEBIT,3378.91,Debit Card,SUCCESS
TXN-202319,CUST-1027,2026-05-03,Haldiram's,Food & Dining,DEBIT,1605.32,Net Banking,SUCCESS
TXN-202320,CUST-1024,2026-05-12,MedPlus,Healthcare,DEBIT,683.89,Credit Card,SUCCESS
TXN-202321,CUST-1108,2026-05-29,Swiggy,Food & Dining,DEBIT,4982.76,UPI,SUCCESS
TXN-202322,CUST-1013,2026-08-08,Starbucks,Food & Dining,DEBIT,6469.94,UPI,SUCCESS
TXN-202323,CUST-1098,2026-04-15,Haldiram's,Food & Dining,DEBIT,358.63,Credit Card,SUCCESS
TXN-202324,CUST-1040,2026-04-07,Blinkit,Food & Dining,DEBIT,7899.28,Net Banking,SUCCESS
TXN-202325,CUST-1046,2026-05-18,Netflix,Entertainment,DEBIT,301.08,Credit Card,SUCCESS
TXN-202326,CUST-1053,2026-05-15,Croma,Shopping,DEBIT,3107.97,UPI,SUCCESS
TXN-202327,CUST-1004,2026-06-29,Udemy,Education,DEBIT,1903.48,Debit Card,SUCCESS
TXN-202328,CUST-1070,2026-01-13,PharmEasy,Healthcare,DEBIT,7557.09,Debit Card,SUCCESS
TXN-202329,CUST-1058,2026-06-25,Decathlon,Shopping,DEBIT,1664.65,UPI,SUCCESS
TXN-202330,CUST-1045,2026-03-15,IRCTC,Travel,DEBIT,3208.67,UPI,SUCCESS
TXN-202331,CUST-1109,2026-07-18,Swiggy,Food & Dining,DEBIT,2919.76,Net Banking,SUCCESS
TXN-202332,CUST-1093,2026-02-24,Decathlon,Shopping,DEBIT,6651.1,Net Banking,SUCCESS
TXN-202333,CUST-1082,2026-01-21,BookMyShow,Entertainment,DEBIT,7030.16,Debit Card,SUCCESS
TXN-202334,CUST-1008,2026-08-11,Indane Gas,Bills & Utilities,DEBIT,2974.78,Debit Card,SUCCESS
TXN-202335,CUST-1002,2026-03-13,Myntra,Shopping,DEBIT,4760.48,Net Banking,SUCCESS
TXN-202336,CUST-1084,2026-03-31,Decathlon,Shopping,DEBIT,5332.56,Credit Card,SUCCESS
TXN-202337,CUST-1087,2026-04-09,YouTube Premium,Entertainment,DEBIT,857.15,Credit Card,PENDING
TXN-202338,CUST-1033,2026-05-08,Domino's,Food & Dining,DEBIT,6495.93,Debit Card,SUCCESS
TXN-202339,CUST-1110,2026-05-14,1mg,Healthcare,DEBIT,1097.25,Debit Card,SUCCESS
TXN-202340,CUST-1032,2026-03-21,Amazon,Shopping,DEBIT,7237.05,Net Banking,SUCCESS
TXN-202341,CUST-1072,2026-03-02,Jio,Bills & Utilities,DEBIT,1935.38,Credit Card,SUCCESS
TXN-202342,CUST-1015,2026-06-28,1mg,Healthcare,DEBIT,5099.48,Net Banking,SUCCESS
TXN-202343,CUST-1096,2026-01-03,Apollo Pharmacy,Healthcare,DEBIT,230.16,Credit Card,SUCCESS
TXN-202344,CUST-1001,2026-01-01,Decathlon,Shopping,DEBIT,1049.63,UPI,SUCCESS
TXN-202345,CUST-1102,2026-02-13,Netflix,Entertainment,DEBIT,1863.55,Net Banking,SUCCESS
TXN-202346,CUST-1069,2026-04-12,Uber,Travel,DEBIT,5596.84,Credit Card,SUCCESS
TXN-202347,CUST-1065,2026-07-01,Zomato,Food & Dining,DEBIT,907.03,Net Banking,SUCCESS
TXN-202348,CUST-1060,2026-01-23,Bookstore,Education,DEBIT,3779.53,Debit Card,SUCCESS
TXN-202349,CUST-1082,2026-08-06,Zomato,Food & Dining,DEBIT,3674.29,Net Banking,SUCCESS
TXN-202350,CUST-1085,2026-07-14,Training Institute,Education,DEBIT,819.9,UPI,SUCCESS
TXN-202351,CUST-1011,2026-02-23,Water Bill,Bills & Utilities,DEBIT,3018.78,Debit Card,SUCCESS
TXN-202352,CUST-1108,2026-05-22,Ola,Travel,DEBIT,2631.1,Debit Card,SUCCESS
TXN-202353,CUST-1005,2026-07-05,Domino's,Food & Dining,DEBIT,110.22,UPI,SUCCESS
TXN-202354,CUST-1117,2026-03-24,Ajio,Shopping,DEBIT,3936.99,UPI,SUCCESS
TXN-202355,CUST-1040,2026-06-29,Indane Gas,Bills & Utilities,DEBIT,1953.38,Credit Card,SUCCESS
TXN-202356,CUST-1037,2026-07-02,Ajio,Shopping,DEBIT,1321.42,UPI,SUCCESS
TXN-202357,CUST-1024,2026-06-15,Training Institute,Education,DEBIT,851.8,Debit Card,SUCCESS
TXN-202358,CUST-1043,2026-05-16,Zomato,Food & Dining,DEBIT,6402.35,Debit Card,SUCCESS
TXN-202359,CUST-1026,2026-05-04,Apollo Pharmacy,Healthcare,DEBIT,3636.55,Net Banking,SUCCESS
TXN-202360,CUST-1017,2026-03-19,Water Bill,Bills & Utilities,DEBIT,4516.71,Debit Card,SUCCESS
TXN-202361,CUST-1053,2026-08-15,Haldiram's,Food & Dining,DEBIT,7741.41,Debit Card,SUCCESS
TXN-202362,CUST-1045,2026-06-08,Apollo Pharmacy,Healthcare,DEBIT,2352.7,Debit Card,SUCCESS
TXN-202363,CUST-1112,2026-03-03,1mg,Healthcare,DEBIT,3957.61,Credit Card,SUCCESS
TXN-202364,CUST-1064,2026-03-12,Domino's,Food & Dining,DEBIT,6288.82,Credit Card,SUCCESS
TXN-202365,CUST-1058,2026-02-21,Croma,Shopping,DEBIT,2556.28,UPI,SUCCESS
TXN-202366,CUST-1102,2026-07-31,Amazon,Shopping,DEBIT,699.78,Debit Card,SUCCESS
TXN-202367,CUST-1087,2026-02-15,Haldiram's,Food & Dining,DEBIT,4130.61,Debit Card,SUCCESS
TXN-202368,CUST-1001,2026-07-15,Flipkart,Shopping,DEBIT,4847.96,UPI,SUCCESS
TXN-202369,CUST-1026,2026-07-18,Starbucks,Food & Dining,DEBIT,1107.09,Credit Card,SUCCESS
TXN-202370,CUST-1115,2026-02-03,Swiggy,Food & Dining,DEBIT,6655.22,UPI,SUCCESS
TXN-202371,CUST-1004,2026-04-02,Ajio,Shopping,DEBIT,4031.32,Credit Card,SUCCESS
TXN-202372,CUST-1078,2026-08-11,Starbucks,Food & Dining,DEBIT,3783.41,UPI,SUCCESS
TXN-202373,CUST-1113,2026-07-05,Training Institute,Education,DEBIT,3161.1,UPI,SUCCESS
TXN-202374,CUST-1053,2026-06-01,MedPlus,Healthcare,DEBIT,156.73,Debit Card,SUCCESS
TXN-202375,CUST-1058,2026-06-14,Starbucks,Food & Dining,DEBIT,539.57,Credit Card,SUCCESS
TXN-202376,CUST-1118,2026-07-30,Flipkart,Shopping,DEBIT,6019.69,Debit Card,SUCCESS
TXN-202377,CUST-1043,2026-02-07,Myntra,Shopping,DEBIT,5322.56,Credit Card,SUCCESS
TXN-202378,CUST-1067,2026-03-10,Zomato,Food & Dining,DEBIT,7800.45,UPI,SUCCESS
TXN-202379,CUST-1021,2026-07-17,Haldiram's,Food & Dining,DEBIT,3058.25,UPI,SUCCESS
TXN-202380,CUST-1098,2026-06-24,Haldiram's,Food & Dining,DEBIT,7505.54,Credit Card,SUCCESS
TXN-202381,CUST-1049,2026-03-12,YouTube Premium,Entertainment,DEBIT,7052.22,Net Banking,SUCCESS
TXN-202382,CUST-1120,2026-04-04,Ola,Travel,DEBIT,7220.77,Credit Card,SUCCESS
TXN-202383,CUST-1060,2026-07-18,Amazon,Shopping,DEBIT,2959.04,UPI,SUCCESS
TXN-202384,CUST-1054,2026-04-16,MedPlus,Healthcare,DEBIT,7185.12,Net Banking,SUCCESS
TXN-202385,CUST-1104,2026-07-06,Udemy,Education,DEBIT,7341.96,UPI,SUCCESS
TXN-202386,CUST-1047,2026-02-04,Water Bill,Bills & Utilities,DEBIT,4130.41,Credit Card,SUCCESS
TXN-202387,CUST-1013,2026-02-08,Amazon,Shopping,DEBIT,6370.59,Net Banking,SUCCESS
TXN-202388,CUST-1114,2026-03-13,Flipkart,Shopping,DEBIT,7570.79,UPI,SUCCESS
TXN-202389,CUST-1051,2026-04-21,Starbucks,Food & Dining,DEBIT,3118.68,Net Banking,SUCCESS
TXN-202390,CUST-1120,2026-01-07,Amazon,Shopping,DEBIT,4335.4,UPI,SUCCESS
TXN-202391,CUST-1020,2026-05-25,Decathlon,Shopping,DEBIT,6659.0,Net Banking,SUCCESS
TXN-202392,CUST-1084,2026-04-23,Netflix,Entertainment,DEBIT,5004.75,Net Banking,SUCCESS
TXN-202393,CUST-1107,2026-05-21,Amazon,Shopping,DEBIT,4416.99,Debit Card,SUCCESS
TXN-202394,CUST-1063,2026-06-28,MakeMyTrip,Travel,DEBIT,6282.72,Net Banking,SUCCESS
TXN-202395,CUST-1068,2026-05-05,Flipkart,Shopping,DEBIT,412.52,Credit Card,SUCCESS
TXN-202396,CUST-1033,2026-03-16,1mg,Healthcare,DEBIT,5803.91,UPI,SUCCESS
TXN-202397,CUST-1018,2026-05-27,MedPlus,Healthcare,DEBIT,3275.68,Debit Card,SUCCESS
TXN-202398,CUST-1045,2026-07-16,Electricity Board,Bills & Utilities,DEBIT,3470.26,Debit Card,SUCCESS
TXN-202399,CUST-1013,2026-06-29,Uber,Travel,DEBIT,4202.1,UPI,SUCCESS
TXN-202400,CUST-1064,2026-08-06,Amazon,Shopping,DEBIT,856.87,Net Banking,SUCCESS
TXN-202401,CUST-1045,2026-07-02,Amazon,Shopping,DEBIT,270.99,UPI,SUCCESS
TXN-202402,CUST-1052,2026-05-20,MedPlus,Healthcare,DEBIT,7571.21,Credit Card,SUCCESS
TXN-202403,CUST-1052,2026-03-12,Rapido,Travel,DEBIT,7917.21,Net Banking,SUCCESS
TXN-202404,CUST-1045,2026-05-05,Rapido,Travel,DEBIT,6782.37,UPI,SUCCESS
TXN-202405,CUST-1052,2026-06-03,Indane Gas,Bills & Utilities,DEBIT,6418.61,UPI,SUCCESS
TXN-202406,CUST-1081,2026-02-10,Myntra,Shopping,DEBIT,817.21,Debit Card,SUCCESS
TXN-202407,CUST-1083,2026-04-12,Croma,Shopping,DEBIT,1569.89,Credit Card,SUCCESS
TXN-202408,CUST-1044,2026-07-17,Starbucks,Food & Dining,DEBIT,2172.19,Net Banking,SUCCESS
TXN-202409,CUST-1098,2026-07-17,Zomato,Food & Dining,DEBIT,1411.79,Credit Card,SUCCESS
TXN-202410,CUST-1010,2026-03-11,Myntra,Shopping,DEBIT,5141.26,Net Banking,SUCCESS
TXN-202411,CUST-1026,2026-05-27,BookMyShow,Entertainment,DEBIT,6932.44,Credit Card,SUCCESS
TXN-202412,CUST-1091,2026-08-09,PharmEasy,Healthcare,DEBIT,382.29,UPI,SUCCESS
TXN-202413,CUST-1058,2026-04-01,Uber,Travel,DEBIT,4086.57,UPI,SUCCESS
TXN-202414,CUST-1090,2026-03-14,MakeMyTrip,Travel,DEBIT,209.66,Credit Card,SUCCESS
TXN-202415,CUST-1028,2026-02-13,Zomato,Food & Dining,DEBIT,2203.41,UPI,SUCCESS
TXN-202416,CUST-1069,2026-04-24,Blinkit,Food & Dining,DEBIT,6647.26,Net Banking,SUCCESS
TXN-202417,CUST-1082,2026-04-06,Haldiram's,Food & Dining,DEBIT,5997.8,UPI,SUCCESS
TXN-202418,CUST-1052,2026-07-06,Uber,Travel,DEBIT,7535.5,Net Banking,SUCCESS
TXN-202419,CUST-1013,2026-04-09,Training Institute,Education,DEBIT,1041.25,Debit Card,SUCCESS
TXN-202420,CUST-1050,2026-03-17,Udemy,Education,DEBIT,7729.58,Debit Card,SUCCESS
TXN-202421,CUST-1068,2026-07-09,Zomato,Food & Dining,DEBIT,7013.01,UPI,SUCCESS
TXN-202422,CUST-1082,2026-02-01,Haldiram's,Food & Dining,DEBIT,674.86,Credit Card,SUCCESS
TXN-202423,CUST-1060,2026-02-04,Ola,Travel,DEBIT,1859.02,Net Banking,SUCCESS
TXN-202424,CUST-1098,2026-05-09,Amazon,Shopping,DEBIT,2900.34,Debit Card,SUCCESS
TXN-202425,CUST-1034,2026-04-01,Domino's,Food & Dining,DEBIT,4587.64,Debit Card,SUCCESS
TXN-202426,CUST-1083,2026-02-11,Bookstore,Education,DEBIT,777.75,Debit Card,SUCCESS
TXN-202427,CUST-1018,2026-03-24,Uber,Travel,DEBIT,7950.63,Net Banking,SUCCESS
TXN-202428,CUST-1010,2026-02-27,Spotify,Entertainment,DEBIT,661.11,UPI,SUCCESS
TXN-202429,CUST-1100,2026-07-08,Udemy,Education,DEBIT,7692.05,Credit Card,SUCCESS
TXN-202430,CUST-1100,2026-02-27,Zomato,Food & Dining,DEBIT,6493.96,Credit Card,SUCCESS
TXN-202431,CUST-1073,2026-03-30,Croma,Shopping,DEBIT,5858.79,Credit Card,SUCCESS
TXN-202432,CUST-1068,2026-05-27,Jio,Bills & Utilities,DEBIT,2768.17,UPI,SUCCESS
TXN-202433,CUST-1111,2026-03-28,Water Bill,Bills & Utilities,DEBIT,6108.51,UPI,SUCCESS
TXN-202434,CUST-1099,2026-07-28,Swiggy,Food & Dining,DEBIT,3820.35,Net Banking,SUCCESS
TXN-202435,CUST-1085,2026-01-22,Swiggy,Food & Dining,DEBIT,146.27,Debit Card,SUCCESS
TXN-202436,CUST-1104,2026-03-19,Indane Gas,Bills & Utilities,DEBIT,3316.42,Credit Card,SUCCESS
TXN-202437,CUST-1012,2026-07-19,Starbucks,Food & Dining,DEBIT,7970.58,Credit Card,SUCCESS
TXN-202438,CUST-1096,2026-07-29,Myntra,Shopping,DEBIT,6112.99,Net Banking,PENDING
TXN-202439,CUST-1119,2026-03-08,Flipkart,Shopping,DEBIT,782.05,Debit Card,SUCCESS
TXN-202440,CUST-1111,2026-04-26,Zomato,Food & Dining,DEBIT,3136.77,Credit Card,SUCCESS
TXN-202441,CUST-1022,2026-05-09,Croma,Shopping,DEBIT,6212.15,UPI,SUCCESS
TXN-202442,CUST-1067,2026-05-20,Spotify,Entertainment,DEBIT,4123.55,Net Banking,SUCCESS
TXN-202443,CUST-1098,2026-02-18,Spotify,Entertainment,DEBIT,6612.1,Net Banking,SUCCESS
TXN-202444,CUST-1071,2026-03-06,Haldiram's,Food & Dining,DEBIT,388.97,Debit Card,PENDING
TXN-202445,CUST-1089,2026-04-23,Haldiram's,Food & Dining,DEBIT,1860.71,Debit Card,SUCCESS
TXN-202446,CUST-1003,2026-05-13,Flipkart,Shopping,DEBIT,7721.12,Credit Card,SUCCESS
TXN-202447,CUST-1054,2026-01-10,Electricity Board,Bills & Utilities,DEBIT,5855.87,Debit Card,SUCCESS
TXN-202448,CUST-1096,2026-07-12,Spotify,Entertainment,DEBIT,7908.17,UPI,SUCCESS
TXN-202449,CUST-1023,2026-03-23,BookMyShow,Entertainment,DEBIT,3353.95,Debit Card,SUCCESS
TXN-202450,CUST-1107,2026-04-08,Decathlon,Shopping,DEBIT,2091.99,Net Banking,SUCCESS
TXN-202451,CUST-1078,2026-03-29,Udemy,Education,DEBIT,4637.65,Net Banking,SUCCESS
TXN-202452,CUST-1041,2026-07-15,Decathlon,Shopping,DEBIT,1086.22,Debit Card,SUCCESS
TXN-202453,CUST-1105,2026-06-28,Decathlon,Shopping,DEBIT,5311.86,Net Banking,SUCCESS
TXN-202454,CUST-1103,2026-04-05,Myntra,Shopping,DEBIT,5074.11,Credit Card,SUCCESS
TXN-202455,CUST-1010,2026-06-21,Flipkart,Shopping,DEBIT,3700.76,UPI,SUCCESS
TXN-202456,CUST-1061,2026-01-28,Airtel,Bills & Utilities,DEBIT,7781.35,Credit Card,SUCCESS
TXN-202457,CUST-1003,2026-02-06,Uber,Travel,DEBIT,1539.02,Credit Card,SUCCESS
TXN-202458,CUST-1089,2026-08-14,Starbucks,Food & Dining,DEBIT,6094.41,Credit Card,SUCCESS
TXN-202459,CUST-1069,2026-07-13,Decathlon,Shopping,DEBIT,4613.54,Debit Card,SUCCESS
TXN-202460,CUST-1009,2026-07-31,Domino's,Food & Dining,DEBIT,4949.6,Debit Card,SUCCESS
TXN-202461,CUST-1103,2026-01-30,1mg,Healthcare,DEBIT,1205.7,Credit Card,SUCCESS
TXN-202462,CUST-1101,2026-03-26,Water Bill,Bills & Utilities,DEBIT,4742.23,Net Banking,SUCCESS
TXN-202463,CUST-1025,2026-02-13,YouTube Premium,Entertainment,DEBIT,4370.02,Credit Card,SUCCESS
TXN-202464,CUST-1094,2026-02-25,Swiggy,Food & Dining,DEBIT,3517.45,Debit Card,SUCCESS
TXN-202465,CUST-1048,2026-04-15,Croma,Shopping,DEBIT,7083.1,Credit Card,SUCCESS
TXN-202466,CUST-1088,2026-06-10,Electricity Board,Bills & Utilities,DEBIT,1521.18,UPI,SUCCESS
TXN-202467,CUST-1078,2026-07-02,MakeMyTrip,Travel,DEBIT,2202.03,UPI,SUCCESS
TXN-202468,CUST-1001,2026-02-04,Domino's,Food & Dining,DEBIT,7711.65,UPI,SUCCESS
TXN-202469,CUST-1004,2026-07-17,Spotify,Entertainment,DEBIT,366.93,Credit Card,SUCCESS
TXN-202470,CUST-1074,2026-01-20,Croma,Shopping,DEBIT,1566.76,Debit Card,SUCCESS
TXN-202471,CUST-1016,2026-06-22,Ajio,Shopping,DEBIT,1944.67,UPI,SUCCESS
TXN-202472,CUST-1065,2026-07-04,Zomato,Food & Dining,DEBIT,4667.67,UPI,SUCCESS
TXN-202473,CUST-1031,2026-06-17,Spotify,Entertainment,DEBIT,5084.5,Credit Card,SUCCESS
TXN-202474,CUST-1084,2026-05-11,Haldiram's,Food & Dining,DEBIT,2711.21,Net Banking,SUCCESS
TXN-202475,CUST-1030,2026-07-12,Coursera,Education,DEBIT,3964.33,Credit Card,SUCCESS
TXN-202476,CUST-1040,2026-08-15,Zomato,Food & Dining,DEBIT,1264.9,Debit Card,SUCCESS
TXN-202477,CUST-1046,2026-04-18,Starbucks,Food & Dining,DEBIT,6001.45,UPI,SUCCESS
TXN-202478,CUST-1073,2026-06-13,MedPlus,Healthcare,DEBIT,2340.43,UPI,SUCCESS
TXN-202479,CUST-1003,2026-01-16,1mg,Healthcare,DEBIT,3435.98,UPI,SUCCESS
TXN-202480,CUST-1046,2026-04-10,Jio,Bills & Utilities,DEBIT,7699.05,UPI,SUCCESS
TXN-202481,CUST-1082,2026-07-19,Airtel,Bills & Utilities,DEBIT,2164.8,Debit Card,SUCCESS
TXN-202482,CUST-1042,2026-07-08,Udemy,Education,DEBIT,5304.0,Net Banking,SUCCESS
TXN-202483,CUST-1005,2026-04-09,Blinkit,Food & Dining,DEBIT,7440.8,Debit Card,SUCCESS
TXN-202484,CUST-1064,2026-02-15,Flipkart,Shopping,DEBIT,1809.01,Debit Card,SUCCESS
TXN-202485,CUST-1018,2026-01-11,Amazon,Shopping,DEBIT,1121.25,Debit Card,SUCCESS
TXN-202486,CUST-1047,2026-07-26,PharmEasy,Healthcare,DEBIT,546.02,UPI,SUCCESS
TXN-202487,CUST-1045,2026-07-02,Ajio,Shopping,DEBIT,637.15,Net Banking,SUCCESS
TXN-202488,CUST-1073,2026-01-20,IRCTC,Travel,DEBIT,2631.55,Credit Card,SUCCESS
TXN-202489,CUST-1109,2026-03-02,Haldiram's,Food & Dining,DEBIT,4036.9,Credit Card,SUCCESS
TXN-202490,CUST-1024,2026-02-15,Indane Gas,Bills & Utilities,DEBIT,7101.29,Net Banking,SUCCESS
TXN-202491,CUST-1098,2026-03-29,Ola,Travel,DEBIT,1450.13,Debit Card,SUCCESS
TXN-202492,CUST-1056,2026-02-11,Zomato,Food & Dining,DEBIT,4059.13,Net Banking,SUCCESS
TXN-202493,CUST-1036,2026-03-08,Metro,Travel,DEBIT,6848.27,Credit Card,SUCCESS
TXN-202494,CUST-1037,2026-04-23,Flipkart,Shopping,DEBIT,7728.79,UPI,SUCCESS
TXN-202495,CUST-1057,2026-06-13,Amazon,Shopping,DEBIT,6574.7,Net Banking,SUCCESS
TXN-202496,CUST-1112,2026-06-26,Indane Gas,Bills & Utilities,DEBIT,4416.48,Debit Card,SUCCESS
TXN-202497,CUST-1004,2026-04-07,Amazon,Shopping,DEBIT,5402.68,Debit Card,SUCCESS
TXN-202498,CUST-1109,2026-06-04,PharmEasy,Healthcare,DEBIT,3073.3,Credit Card,SUCCESS
TXN-202499,CUST-1093,2026-01-06,Amazon,Shopping,DEBIT,7158.55,UPI,SUCCESS
TXN-202500,CUST-1077,2026-04-03,IRCTC,Travel,DEBIT,3249.65,Debit Card,SUCCESS
